名称,描述,房源好评率,近期预定量,房源类型,户型,出租类型,床型,床数,可住人数,独卫数量,面积,发票,地址,省份,城区,配套设施,周边设施,乘车路线,房源评论数,房客评价,价格,房源综合得分,房主好评率,房主回复率,房主接单率,其他房源数,其他房源平均分
近邻恒大影城浮阳北大道小吃街A2温馨大两居,"
                标准两居，新房新床新被褥新家电新装修。豪华装修，高档温馨特别舒适干净卫生，空调，冰箱，洗衣机，液晶电视，Wi-Fi五星级酒店家纺床上用品，一次性洗浴用品，24小时热水淋浴，独立整体厨房可做饭，锅碗瓢盆调料一应俱全。小区住户少，安静舒适。适合商务接待，朋友聚会，全家出游，情侣约会。
            ",95%,22 晚,普通公寓,2室1厅,整租,"双人床
双人床",2张,4人,1,109平米,提供,沧州-运河区-浮阳北大道西-沧州恒大城-一期,沧州,运河区,"['无线WIFI', '电视', '淋浴', '暖气', '全天热水', '厨房', '毛巾', '拖鞋', '电梯', '保安', '对讲门禁', '餐具炊具', '电吹风', '智能门锁', '接待外宾', '泳池']",小区近邻恒大影城，浮阳北大道小吃街，人民公园，楼下超市肉，蛋，奶，蔬菜，水果一应俱全，生活便利。,交通便利，小区门口经过29路，10路公交车。距离恒大影城百米距离。,3, 干净卫生，+ 特别舒适 温馨  温暖的地方 性价比不错+ 两卧室一大厅，干净整洁，也很宽敞，楼下就是面积很大的人工湖，绿草如茵，鸟语花香，新建小区，下次来沧州旅游，还住这里，赞！,218,4.8,100.0%,100.0%,90.9%,19,4.289
浮阳北大道御景狮城A6浪漫风情一居,"
                新房新床新被褥新家电新装修。豪华装修，高档温馨特别舒适干净卫生，空调，冰箱，洗衣机，液晶电视，Wi-Fi五星级酒店家纺床上用品，一次性洗浴用品，24小时热水淋浴，独立整体厨房可做饭，锅碗瓢盆调料一应俱全。小区住户少，安静舒适。适合商务接待，朋友聚会，全家出游，情侣约会。
            ",100%,20 晚,普通公寓,1室1厅,整租,其他,1张,2人,1,68平米,提供,沧州-运河区-浮阳北大道-御景狮城,沧州,运河区,"['无线WIFI', '电视', '淋浴', '空调', '暖气', '洗衣机', '电冰箱', '全天热水', '厨房', '毛巾', '拖鞋', '电梯', '保安', '对讲门禁', '餐具炊具', '电吹风', '智能门锁', '接待外宾', '泳池']",小区门前有条小吃街，烧烤，小海鲜，沧州特色小吃应有尽有，距离大型的超市百米。近临人民公园，中心医院。,位于浮阳北大道，交通便利，小区505路，29路，11路公交直达。,1, 很不错，老板人也好，服务很到位。,198,5.0,100.0%,100.0%,90.9%,19,4.289
人民公园沧州恒大城A1轻奢主义风一居,"
                标准两居，新房新床新被褥新家电新装修。豪华装修，高档温馨特别舒适干净卫生，空调，冰箱，洗衣机，液晶电视，Wi-Fi五星级酒店家纺床上用品，一次性洗浴用品，24小时热水淋浴，独立整体厨房可做饭，锅碗瓢盆调料一应俱全。小区住户少，安静舒适。适合商务接待，朋友聚会，全家出游，情侣约会。
            ",100%,22 晚,普通公寓,1室1厅,整租,双人床,1张,2人,1,70平米,提供,沧州-运河区-永安北大道东-沧州恒大城-二期,沧州,运河区,"['无线WIFI', '电视', '淋浴', '空调', '暖气', '全天热水', '厨房', '毛巾', '拖鞋', '电梯', '保安', '对讲门禁', '餐具炊具', '电吹风', '智能门锁', '接待外宾']",小区近邻恒大影城，人民公园，楼下超市肉，蛋，奶，蔬菜，水果一应俱全，生活便利。,交通便利，小区门口经过29路，10路公交车。距离恒大影城百米距离。,2, 非常不错，房东很热情，服务很周到，房子很干净+ 相当不错的,218,5.0,100.0%,100.0%,90.9%,19,4.289
荣盛购物广场附近高铁站A3温馨小茶居一居,"
                标准两居，新房新床新被褥新家电新装修。豪华装修，高档温馨特别舒适干净卫生，空调，冰箱，洗衣机，液晶电视，Wi-Fi五星级酒店家纺床上用品，一次性洗浴用品，24小时热水淋浴，独立整体厨房可做饭，锅碗瓢盆调料一应俱全。小区住户少，安静舒适。适合商务接待，朋友聚会，全家出游，情侣约会。
            ",100%,20 晚,普通公寓,1室1厅,整租,双人床,1张,2人,1,85平米,提供,沧州-运河区-黄河西路南-荣盛锦绣天地-B区,沧州,运河区,"['无线WIFI', '电视', '淋浴', '暖气', '洗衣机', '电冰箱', '全天热水', '厨房', '毛巾', '拖鞋', '电梯', '保安', '对讲门禁', '餐具炊具', '电吹风', '智能门锁', '接待外宾', '泳池']",小区近临荣盛购物广场，（大型超市、美食城、电玩城、电影院、儿童娱乐城）名人植物园，狮城公园，沧州体育馆，游泳馆，图书馆，博物馆，规划馆，会展中心，园林式小区，环境优雅，星级物业服务。,小区位于荣盛购物广场附近，距离高铁站，西高速口均在10分种车程内。交通便利，停车方便。,0,,228,,100.0%,100.0%,90.9%,19,4.289
临荣盛购物广场A5大两居阳光房,"
                标准两居，新房新床新被褥新家电新装修。豪华装修，高档温馨特别舒适干净卫生，空调，冰箱，洗衣机，液晶电视，Wi-Fi五星级酒店家纺床上用品，一次性洗浴用品，24小时热水淋浴，独立整体厨房可做饭，锅碗瓢盆调料一应俱全。小区住户少，安静舒适。适合商务接待，朋友聚会，全家出游，情侣约会。
            ",100%,20 晚,普通公寓,2室1厅,整租,"双人床
双人床",2张,4人,1,109平米,提供,沧州-运河区-开元南大道-荣盛锦绣天地A区-南门,沧州,运河区,"['无线WIFI', '电视', '淋浴', '暖气', '洗衣机', '电冰箱', '厨房', '毛巾', '拖鞋', '电梯', '保安', '对讲门禁', '餐具炊具', '电吹风', '智能门锁', '接待外宾', '泳池']",小区近临荣盛购物广场，（大型超市、美食城、电玩城、电影院、儿童娱乐城）名人植物园，狮城公园，沧州体育馆，游泳馆，图书馆，博物馆，规划馆，会展中心，园林式小区，环境优雅，星级物业服务。,,0,,238,,100.0%,100.0%,90.9%,19,4.289
靠近市动物园，游乐场两居室可做饭,"
                干净，整洁，东西齐全
            ",100%,18 晚,小区住宅,2室1厅,整租,双人床,2张,4人,1,90平米,提供,沧州-新华区-解放东路-百合世嘉,沧州,新华区,"['宽带上网', '无线WIFI', '电视', '淋浴', '空调', '暖气', '洗衣机', '电冰箱', '全天热水', '电梯', '餐具炊具']",沧州市动物园，游乐场，,,0,,188,,100.0%,100.0%,80.0%,2,2.5
紧邻明珠商贸城，西客站，居然之家，市政大厅,"
                交通便利，温馨大床房，
            ",100%,18 晚,普通公寓,1室0厅,整租,双人床,1张,2人,1,50平米,提供,沧州-运河区-迎宾大道-泰大国际家居广场,沧州,运河区,"['宽带上网', '无线WIFI', '电视', '淋浴', '空调', '暖气', '洗衣机', '电冰箱', '全天热水', '毛巾', '拖鞋', '热水壶', '电梯', '保安', '电吹风', '智能门锁', '有窗户', '沙发', '茶几', '洗浴用品', '牙具', '微波炉', '灭火器']",,,0,,128,,100.0%,100.0%,100.0%,11,5.0
紧邻明珠商贸城，西客站，市政大厅,"
                家电家具齐全，交通便利
            ",100%,18 晚,普通公寓,1室1厅,整租,双人床,2张,4人,1,50平米,提供,沧州-运河区-迎宾大道-泰大国际家居广场,沧州,运河区,"['宽带上网', '无线WIFI', '电视', '淋浴', '空调', '暖气', '洗衣机', '电冰箱', '全天热水', '毛巾', '拖鞋', '热水壶', '电梯', '保安', '电吹风', '智能门锁', '有窗户', '沙发', '茶几', '洗浴用品', '牙具', '香皂', '微波炉', '灭火器']",,,0,,128,,100.0%,100.0%,100.0%,11,5.0
紧邻明珠商贸城，西客站，市政大厅,"
                家居家电齐全，交通便利
            ",100%,18 晚,普通公寓,1室0厅,整租,双人床,1张,2人,1,50平米,提供,沧州-运河区-迎宾大道-泰大国际家居广场,沧州,运河区,"['宽带上网', '无线WIFI', '电视', '淋浴', '空调', '暖气', '洗衣机', '电冰箱', '全天热水', '毛巾', '拖鞋', '热水壶', '电梯', '保安', '电吹风', '智能门锁', '有窗户', '沙发', '茶几', '洗浴用品', '牙具', '微波炉', '灭火器']",,,0,,128,,100.0%,100.0%,100.0%,11,5.0
近荣盛广场，近医院商超锦绣天地阳光大床房,"
                小区周边配套设施齐全，娱乐购物餐饮一应俱全，房屋装修风格清新，是您旅居休息的好去处
            ",100%,24 晚,小区住宅,2室2厅,整租,"双人床
双人床",2张,4人,1,80平米,提供,沧州-运河区-运河区黄河西路-锦绣天地B区,沧州,运河区,"['宽带上网', '无线WIFI', '电视', '淋浴', '空调', '暖气', '洗衣机', '电冰箱', '全天热水', '毛巾', '拖鞋', '热水壶', '电梯', '保安', '餐具炊具', '电吹风', '允许抽烟', '接待儿童2到12岁', '接待婴幼儿2岁以下', '有窗户', '沙发', '茶几', '洗浴用品', '牙具', '香皂', '刀具菜板', '调料', '洗涤用品', '燃气灶', '电饭煲', '灭火器']",,,0,,220,,100.0%,100.0%,100.0%,7,4.286
紧邻明珠商贸城，西客站，市政大厅,"
                交通便利，干净整洁，住着就是舒服
            ",100%,24 晚,普通公寓,1室0厅,整租,双人床,1张,2人,1,50平米,提供,沧州-运河区-运河区迎宾大道-泰大国际家居广场,沧州,运河区,"['宽带上网', '无线WIFI', '电视', '淋浴', '空调', '暖气', '洗衣机', '电冰箱', '全天热水', '毛巾', '拖鞋', '热水壶', '电梯', '餐具炊具', '电吹风', '智能门锁', '接待儿童2到12岁', '接待婴幼儿2岁以下', '有窗户', '落地窗', '沙发', '茶几', '洗浴用品', '牙具', '电磁炉', '灭火器']",,,0,,128,,100.0%,100.0%,100.0%,11,5.0
近商超泰合星耀城两居大床房loft,"
                现代简约风格，周边配套设施齐全，入住便捷！闹中取静，24小时热水为您服务！预约免费接送服务！
            ",100%,16 晚,Loft公寓,2室1厅,整租,"双人床
单人床",2张,3人,1,55平米,提供,沧州-运河区-御河路-泰合星耀城,沧州,运河区,"['宽带上网', '无线WIFI', '电视', '淋浴', '空调', '暖气', '洗衣机', '电冰箱', '全天热水', '毛巾', '拖鞋', '热水壶', '电梯', '保安', '餐具炊具', '电吹风', '允许抽烟', '接待儿童2到12岁', '接待婴幼儿2岁以下', '有窗户', '落地窗', '沙发', '茶几', '洗浴用品', '牙具', '香皂', '刀具菜板', '洗涤用品', '燃气灶']",,,0,,200,,100.0%,100.0%,100.0%,7,4.286
青县火车站  洋房  投影房  大两室  落地窗,"
                德悦家园小区紧挨着火车站，汽车站，信发商厦，同聚祥商厦，意明商厦，小吃街，儿童游乐场，有连锁餐饮肯德基，呷哺呷哺，虾吃虾涮等餐饮店，全程自主入住，下单后直接发入住地址，全程零接触。房间装修温暖风趣，落地窗的景色非常美，欢迎您的入住体验
            ",100%,18 晚,小区住宅,2室1厅,整租,双人床,2张,4人,1,90平米,提供,沧州-青县-京福北大街-德悦家园,沧州,青县,"['无线WIFI', '淋浴', '空调', '暖气', '洗衣机', '电冰箱', '全天热水', '厨房', '毛巾', '拖鞋', '热水壶', '电梯', '保安', '餐具炊具', '电吹风', '允许抽烟', '接待儿童2到12岁', '接待婴幼儿2岁以下', '接待老人60岁以上', '泳池', '有窗户', '落地窗', '茶几', '洗浴用品', '牙具', '香皂', '刀具菜板', '洗涤用品', '燃气灶', '电饭煲', '投影设备', '灭火器']",周边繁华，购物游玩非常方便,,0,,188,,100.0%,100.0%,98.2%,2,5.0
小美民宿 *精装修 商业中心 同聚祥两室  精装修电梯楼,"
                此小区紧挨着同聚祥商厦，意明商厦以及小吃街。离火车站汽车站很近。步行五分钟即到。紧挨着的104国道通往天津北京的大巴车很多。楼下停车位充足，紧挨着商厦免费停车场，房间装修干净整洁，装饰温馨。房间物品齐全，暖气供应，免费提供厨房做饭厨具。房间内有无线网络，双卧室双台电视，阳台上可一览窗外的夜景很漂亮。距离500米处有KFC呷哺呷哺火锅。
            ",100%,20 晚,小区住宅,2室1厅,整租,双人床,2张,4人,1,80平米,提供,沧州-青县-新华东路6号,沧州,青县,"['无线WIFI', '电视', '淋浴', '空调', '暖气', '洗衣机', '电冰箱', '全天热水', '厨房', '毛巾', '拖鞋', '热水壶', '电梯', '保安', '对讲门禁', '餐具炊具', '电吹风', '允许抽烟', '接待儿童2到12岁', '接待婴幼儿2岁以下', '接待老人60岁以上', '泳池', '有窗户', '洗浴用品', '牙具', '香皂', '刀具菜板', '燃气灶', '电饭煲', '灭火器']",坐车方便，紧挨着104国道,,0,,178,,100.0%,100.0%,98.2%,2,5.0
阳台落地窗 古建清风楼 大运河 老华北商厦 彩虹桥 老盐百,"
                 1
            ",100%,24 晚,普通公寓,1室0厅,整租,双人床,1张,2人,1,63平米,提供,沧州-运河区-新华中路12号-世贸国际的民宿(南湖盐百店),沧州,运河区,"['无线WIFI', '电视', '淋浴', '洗衣机', '电冰箱', '全天热水', '毛巾', '热水壶', '电梯', '保安', '餐具炊具', '电吹风', '智能门锁', '允许抽烟', '接待儿童2到12岁', '被子', '落地窗', '沙发', '洗浴用品', '牙具', '刀具菜板', '洗涤用品', '燃气灶']",,,0,,178,,100.0%,100.0%,91.1%,21,5.0
近商圈近医院,"
                 1
            ",100%,20 晚,普通公寓,1室0厅,整租,双人床,1张,2人,1,63平米,提供,沧州-运河区-广场街附近-恒顺世纪中心,沧州,运河区,"['无线WIFI', '电视', '淋浴', '全天热水', '厨房', '毛巾', '电梯', '智能门锁', '允许抽烟', '允许携带宠物', '接待儿童2到12岁', '接待婴幼儿2岁以下', '接待老人60岁以上', '接待外宾', '被子', '有窗户', '牙具']",,,0,,178,,100.0%,100.0%,91.1%,21,5.0
高铁站 西客站 十四中学 脑科医院 儿童医院 近医院近大学私人影院/投影设备落地窗,"
                 1
            ",100%,20 晚,普通公寓,1室1厅,整租,双人床,1张,2人,1,55平米,提供,沧州-运河区-解放西路南-颐和文园东区,沧州,运河区,"['无线WIFI', '电视', '淋浴', '洗衣机', '电冰箱', '全天热水', '毛巾', '热水壶', '电梯', '保安', '餐具炊具', '电吹风', '允许抽烟', '接待儿童2到12岁', '接待婴幼儿2岁以下', '被子', '落地窗', '沙发', '洗浴用品', '牙具', '刀具菜板', '燃气灶', '电磁炉', '电饭煲', '投影设备', '灭火器']",,,0,,238,,100.0%,100.0%,91.1%,21,5.0
近医院近大学,"
                配备智能门锁，给您轻松又安全的入住体验，有电梯，免爬楼之苦，养足精力开启旅途，洗漱用品齐全，随时随地享受清爽，有电视，热播综艺热播剧紧追不断档，如有其他问题欢迎随时向我咨询，我会为你提供更多的旅行建议，并将尽量满足你入住期间的需求
            ",100%,20 晚,普通公寓,1室0厅,整租,双人床,1张,2人,1,63平米,提供,沧州-运河区-广场街附近-恒顺世纪中心,沧州,运河区,"['无线WIFI', '电视', '淋浴', '全天热水', '毛巾', '电梯', '智能门锁', '允许抽烟', '允许携带宠物', '被子', '有窗户', '牙具']",,,0,,178,,100.0%,100.0%,91.1%,21,5.0
超大投影仪 落地窗 金街古玩市场 颐和商城 信誉楼 老盐百 老华北 火车站汽车站 胖胖熊,"
                小区安静安全，环境好，提供沙发，给您家一般的温馨，有电梯/低层无电梯，免爬楼之苦，养足精力开启旅途，不想吃餐厅点外卖的时候可以自己做饭，材料齐全，洗漱用品齐全，清爽卫生，旅行无忧
            ",100%,20 晚,普通公寓,1室0厅,整租,双人床,1张,2人,1,63平米,提供,沧州-运河区-广场街附近-恒顺世纪中心,沧州,运河区,"['无线WIFI', '电视', '淋浴', '电冰箱', '全天热水', '毛巾', '电梯', '保安', '餐具炊具', '电吹风', '允许抽烟', '接待儿童2到12岁', '接待老人60岁以上', '接待外宾', '被子', '有窗户', '沙发', '洗浴用品', '牙具', '燃气灶', '灭火器']",房子图片实景拍摄，真实有效 干净整洁。落地阳台，24小时热水 Wi-Fi覆盖 洗漱用品齐全 床品一客一换，位于运河区 老华北南 ，临近 沧州商城 颐和商城 天一卖场 楼下是小吃一条街，个个商场距离 都不超过300米，是走亲访友 出差旅游的 优选地段,,0,,178,,100.0%,100.0%,91.1%,21,5.0
超大投影仪 沧州脑科医院 颐和文园 新华北 老同天 菜市场 颐和神话 亚马逊 民族会馆 近商圈近医院,"
                 1
            ",100%,20 晚,普通公寓,1室1厅,整租,双人床,1张,2人,1,55平米,提供,沧州-运河区-解放西路南-颐和文园东区(东门),沧州,运河区,"['无线WIFI', '电视', '淋浴', '暖气', '洗衣机', '电冰箱', '全天热水', '厨房', '毛巾', '热水壶', '电梯', '保安', '餐具炊具', '电吹风', '智能门锁', '允许抽烟', '接待儿童2到12岁', '接待婴幼儿2岁以下', '被子', '有窗户', '沙发', '洗浴用品', '牙具', '刀具菜板', '燃气灶', '灭火器']",,,0,,178,,100.0%,100.0%,91.1%,21,5.0
超大投影仪 沧州火车站 汽车站 家庭式住宅 落地窗 清风楼 沧州商城 颐和商城 吉利鞋业 南湖公园,"
                房源中可享受到超美的风景，期待您的入住，大落地窗，给您轻松解压的度假体验，小区24h安全保障，无需担忧轻松入住，尽情享受沙发带给您的惬意旅途，提供停车位，便利出行零负担
            ",100%,20 晚,普通公寓,1室0厅,整租,双人床,1张,2人,1,63平米,提供,沧州-运河区-广场街附近-恒顺世纪中心,沧州,运河区,"['无线WIFI', '电视', '淋浴', '洗衣机', '电冰箱', '全天热水', '毛巾', '热水壶', '电梯', '保安', '餐具炊具', '电吹风', '允许抽烟', '允许携带宠物', '接待儿童2到12岁', '接待老人60岁以上', '接待外宾', '被子', '落地窗', '沙发', '洗浴用品', '牙具', '刀具菜板', '洗涤用品', '燃气灶', '电磁炉', '电饭煲', '微波炉', '灭火器']",距离人民医院，中心医院一公里多一点左右落地窗 1.8大床 ，Wi-Fi覆盖 上网更快，液晶网络电视 海量高清在线播放，洗衣机 让洗衣变得 简单方便、可做饭，抽油烟机，让做饭变得更加有乐趣，记得用后的餐具刷好归位呦,,0,,207,,100.0%,100.0%,91.1%,21,5.0
市医院 中心医院 五中 八中 老一中 华北商厦 胖胖熊 清风楼大运河,"
                位于城市的老城区，周边设施 不超300百米有大型超市三个，胖胖熊儿童乐园 沧州商城 颐和商场，信誉楼 ， 古玩市场 .南湖公园 .喜庆（ 清风楼 .每周六日有免费的）沧州大运河。。。。。。。距离火车 站，汽车站1.7公里距离人民医院，中心医院一公里多一点左右 
            ",100%,24 晚,小区住宅,1室0厅,整租,双人床,1张,2人,1,63平米,提供,沧州-运河区-广场街3-2号,沧州,运河区,"['宽带上网', '无线WIFI', '电视', '淋浴', '空调', '洗衣机', '电冰箱', '全天热水', '毛巾', '拖鞋', '热水壶', '电梯', '餐具炊具', '电吹风', '智能门锁', '允许抽烟', '接待儿童2到12岁', '有窗户', '落地窗', '茶几', '洗浴用品', '牙具', '香皂', '刀具菜板', '调料', '洗涤用品', '燃气灶', '投影设备']",,,0,,178,,100.0%,100.0%,91.1%,21,5.0
悦客民宿～投影仪 沧州大叔对面 颐和文园 新华北 老同天 市政府 颐和神话 民族会馆 脑科医院 颐和,"
                可以做饭，可以洗衣服，有暖气，24小时热水，洗漱用品齐全，安静舒适的超高层，独享整套房子，视野开阔 ，新华北三期正对面，位置好，楼层高
            ",100%,16 晚,小区住宅,1室1厅,整租,双人床,1张,2人,1,55平米,提供,沧州-运河区-幸福街-颐和文园,沧州,运河区,"['宽带上网', '无线WIFI', '电视', '淋浴', '空调', '暖气', '洗衣机', '电冰箱', '全天热水', '厨房', '毛巾', '拖鞋', '热水壶', '电梯', '对讲门禁', '餐具炊具', '电吹风', '允许抽烟', '有窗户', '落地窗', '茶几', '洗浴用品', '牙具', '刀具菜板', '调料', '洗涤用品', '燃气灶']",,,0,,208,,100.0%,100.0%,91.1%,21,5.0
悦客民宿~投影仪 高铁站 沧州大叔对面 颐和国际 亚马逊 老同天 新华北 颐和大厦 独享整套房源,"
                房源距离沧州脑科医院 中心医院儿童院区 十三中学 第五中学都很近 新华北商厦对面 吃喝玩乐尽在眼前。
            ",100%,16 晚,小区住宅,1室1厅,整租,双人床,1张,2人,1,55平米,提供,沧州-运河区-幸福街-颐和文园东区,沧州,运河区,"['无线WIFI', '电视', '淋浴', '空调', '暖气', '洗衣机', '电冰箱', '全天热水', '厨房', '毛巾', '拖鞋', '热水壶', '电梯', '对讲门禁', '餐具炊具', '电吹风', '智能门锁', '允许抽烟', '接待儿童2到12岁', '有窗户', '落地窗', '茶几', '洗浴用品', '牙具', '香皂', '刀具菜板', '调料', '洗涤用品', '燃气灶', '电磁炉', '投影设备']",,,0,,228,,100.0%,100.0%,91.1%,21,5.0
悦客民宿～ 落地窗 南湖 老华北商厦 金街古玩市场 火车 汽车站 上海广场 沧州商城 吉利鞋业 信誉,"
                位于城市的老城区，周边设施 不超300百米有大型超市三个，胖胖熊儿童乐园 沧州商城 颐和商场，信誉楼 ， 古玩市场 .南湖公园 .喜庆（ 清风楼 .每周六日有免费的）沧州大运河。。。。。。。距离火车 站，汽车站1.7公里距离人民医院，中心医院一公里多一点左右 
            ",100%,26 晚,小区住宅,1室1厅,整租,双人床,1张,2人,1,63平米,提供,沧州-运河区-新华中路123号,沧州,运河区,"['宽带上网', '无线WIFI', '电视', '淋浴', '空调', '洗衣机', '电冰箱', '全天热水', '厨房', '毛巾', '拖鞋', '热水壶', '电梯', '保安', '对讲门禁', '餐具炊具', '电吹风', '智能门锁', '允许抽烟', '接待儿童2到12岁', '接待婴幼儿2岁以下', '接待老人60岁以上', '有窗户', '落地窗', '茶几', '洗浴用品', '牙具', '香皂', '刀具菜板', '调料', '洗涤用品', '燃气灶', '电磁炉', '电饭煲', '微波炉', '灭火器']",,,0,,188,,100.0%,100.0%,91.1%,21,5.0
【悦客民宿】一室一厅/投影仪/沧州商城/潮衣库/八中/五中/火车站/老华北/简约北欧风,"
                一室一厅的房源坐落在小区里面，可以做饭，洗衣服，有空调 冰箱 洗衣机 小区环境
            ",100%,32 晚,小区住宅,1室1厅,整租,双人床,1张,2人,1,63平米,提供,沧州-运河区-中爱商城(颐和商城西)-潮衣库服饰批发城,沧州,运河区,"['宽带上网', '无线WIFI', '电视', '淋浴', '空调', '洗衣机', '电冰箱', '全天热水', '厨房', '毛巾', '拖鞋', '热水壶', '电梯', '对讲门禁', '餐具炊具', '电吹风', '允许抽烟', '接待儿童2到12岁', '接待婴幼儿2岁以下', '接待老人60岁以上', '有窗户', '落地窗', '洗浴用品', '牙具', '刀具菜板', '调料', '洗涤用品', '燃气灶', '投影设备']",,,0,,215,,100.0%,100.0%,91.1%,21,5.0
【悦客民宿】信誉楼/老华北商厦/建新大厦/医院 中学 车站/投影仪/高铁站/大运河/南湖公园/独享整,"
                照片 实景拍摄，真实有效 干净整洁。落地阳台，24小时热水 Wi-Fi覆盖 洗漱用品齐全 床品一客一换，位于运河区 新华北南 ，临近 沧州同天商场 楼下是北大院菜市场，个个商场距离 都不超过300米，是走亲访友 出差旅游的 优选地段
            ",100%,20 晚,小区住宅,1室1厅,整租,双人床,1张,2人,1,63平米,提供,沧州-运河区-广场街附近-恒顺世纪中心,沧州,运河区,"['宽带上网', '无线WIFI', '电视', '淋浴', '空调', '洗衣机', '电冰箱', '全天热水', '厨房', '毛巾', '拖鞋', '热水壶', '电梯', '对讲门禁', '餐具炊具', '电吹风', '允许抽烟', '接待儿童2到12岁', '接待婴幼儿2岁以下', '接待老人60岁以上', '有窗户', '落地窗', '洗浴用品', '牙具', '刀具菜板', '调料', '洗涤用品', '燃气灶', '投影设备']",,,0,,185,,100.0%,100.0%,91.1%,21,5.0
【悦客民宿】复古欧式一居室/高铁站/金街古玩/南湖公园 清风楼/独享整套房源/,"
                可以做饭，洗衣服，有空调 冰箱 洗衣机 24小时热水  无线覆盖 自主入住
            ",100%,20 晚,小区住宅,1室1厅,整租,双人床,1张,2人,1,63平米,提供,沧州-运河区-广场街附近-恒顺世纪中心,沧州,运河区,"['宽带上网', '无线WIFI', '电视', '淋浴', '空调', '洗衣机', '电冰箱', '全天热水', '厨房', '毛巾', '拖鞋', '热水壶', '电梯', '对讲门禁', '餐具炊具', '电吹风', '智能门锁', '接待儿童2到12岁', '接待婴幼儿2岁以下', '接待老人60岁以上', '有窗户', '落地窗', '洗浴用品', '牙具', '刀具菜板', '调料', '洗涤用品', '燃气灶']",,,0,,185,,100.0%,100.0%,91.1%,21,5.0
【悦客民宿】时尚风一居室/高铁站/金街古玩/南湖公园 清风楼/独享整套房源/,"
                可以做饭，洗衣服，有空调 冰箱 洗衣机 24小时热水  无线覆盖 自主入住
            ",100%,20 晚,小区住宅,1室0厅,整租,双人床,1张,2人,1,63平米,提供,沧州-运河区-广场街附近-恒顺世纪中心,沧州,运河区,"['宽带上网', '无线WIFI', '电视', '淋浴', '空调', '洗衣机', '电冰箱', '全天热水', '厨房', '毛巾', '拖鞋', '热水壶', '电梯', '对讲门禁', '餐具炊具', '电吹风', '智能门锁', '允许抽烟', '接待儿童2到12岁', '接待婴幼儿2岁以下', '接待老人60岁以上', '有窗户', '落地窗', '洗浴用品', '牙具', '刀具菜板', '调料', '洗涤用品', '燃气灶']",,,0,,185,,100.0%,100.0%,91.1%,21,5.0
【悦客民宿】一室一厅/老华北商厦/老盐百/五中 八中/投影仪/高铁站/金街古玩/南湖公园 清风楼/独,"
                一室一厅的房源坐落在小区里面，可以做饭，洗衣服，有空调 冰箱 洗衣机 小区环境
            ",100%,20 晚,小区住宅,1室1厅,整租,双人床,1张,2人,1,63平米,提供,沧州-运河区-广场街附近-恒顺世纪中心,沧州,运河区,"['宽带上网', '无线WIFI', '电视', '淋浴', '空调', '洗衣机', '电冰箱', '全天热水', '厨房', '毛巾', '拖鞋', '热水壶', '电梯', '对讲门禁', '餐具炊具', '电吹风', '允许抽烟', '接待儿童2到12岁', '接待婴幼儿2岁以下', '接待老人60岁以上', '有窗户', '落地窗', '洗浴用品', '牙具', '刀具菜板', '调料', '洗涤用品', '燃气灶', '投影设备']",,,0,,185,,100.0%,100.0%,91.1%,21,5.0
【悦客民宿】北欧风一居室/高铁站/金街古玩/南湖公园 清风楼/独享整套房源/北欧风,"
                可以做饭，洗衣服，有空调 冰箱 洗衣机 24小时热水  无线覆盖 自主入住
            ",100%,20 晚,小区住宅,1室1厅,整租,双人床,1张,2人,1,63平米,提供,沧州-运河区-广场街附近-恒顺世纪中心,沧州,运河区,"['宽带上网', '无线WIFI', '电视', '淋浴', '空调', '洗衣机', '电冰箱', '全天热水', '厨房', '毛巾', '拖鞋', '热水壶', '电梯', '对讲门禁', '餐具炊具', '电吹风', '智能门锁', '允许抽烟', '接待儿童2到12岁', '接待婴幼儿2岁以下', '接待老人60岁以上', '有窗户', '落地窗', '洗浴用品', '牙具', '刀具菜板', '调料', '洗涤用品', '燃气灶']",,,0,,185,,100.0%,100.0%,91.1%,21,5.0
【悦客民宿】北欧风一居室NO.2/高铁站/金街古玩/南湖公园 清风楼/独享整套房源/,"
                可以做饭，洗衣服，有空调 冰箱 洗衣机 24小时热水  无线覆盖 自主入住
            ",100%,20 晚,小区住宅,1室1厅,整租,双人床,1张,2人,1,63平米,提供,沧州-运河区-广场街附近-恒顺世纪中心,沧州,运河区,"['宽带上网', '无线WIFI', '电视', '淋浴', '空调', '洗衣机', '电冰箱', '全天热水', '厨房', '毛巾', '拖鞋', '热水壶', '电梯', '对讲门禁', '餐具炊具', '电吹风', '智能门锁', '允许抽烟', '接待儿童2到12岁', '接待婴幼儿2岁以下', '接待老人60岁以上', '有窗户', '落地窗', '洗浴用品', '牙具', '刀具菜板', '调料', '洗涤用品', '燃气灶']",,,0,,185,,100.0%,100.0%,91.1%,21,5.0
悦客民宿～投影仪 落地窗 火车站  南湖 老华北 信誉楼 沧州商城 吉利鞋业 颐和商城 老盐百 市医,"
                位于城市的老城区，周边设施 不超300百米有大型超市三个，胖胖熊儿童乐园 沧州商城 颐和商场，信誉楼 ， 古玩市场 .南湖公园 .喜庆（ 清风楼 .每周六日有免费的）沧州大运河。距离火车 站，汽车站1.7公里距离人民医院，中心医院一公里多一点左右 照片 实景拍摄，真实有效 干净整洁。落地阳台，24小时热水 Wi-Fi覆盖 洗漱用品齐全 床品一客一换，位于运河区 老华北南 ，临近 沧州商城 颐和商城 天一卖场 楼下是小吃一条街，个个商场距离 都不超过300米，是走亲访友 出差旅游的 
            ",100%,18 晚,小区住宅,1室1厅,整租,双人床,1张,2人,1,63平米,提供,沧州-运河区-市场街道-恒顺世纪中心,沧州,运河区,"['宽带上网', '无线WIFI', '电视', '淋浴', '空调', '洗衣机', '电冰箱', '全天热水', '厨房', '毛巾', '拖鞋', '热水壶', '电梯', '保安', '对讲门禁', '餐具炊具', '电吹风', '智能门锁', '允许抽烟', '接待儿童2到12岁', '接待婴幼儿2岁以下', '接待老人60岁以上', '有窗户', '落地窗', '茶几', '洗浴用品', '牙具', '香皂', '刀具菜板', '调料', '洗涤用品', '燃气灶', '电磁炉', '微波炉', '投影设备', '灭火器']",距离人民医院，中心医院一公里多一点左右落地窗 1.8大床 ，Wi-Fi覆盖 上网更快，液晶网络电视 海量高清在线播放，洗衣机 让洗衣变得 简单方便、可做饭，抽油烟机，让做饭变得更加有乐趣，记得用后的餐具刷好归位呦,,0,,188,,100.0%,100.0%,91.1%,21,5.0
悦客民宿～汽车站 火车站 中心医院 第五中学 第八中学,"
                可以做饭，可以洗衣服，视野开阔，免费停车很方便，看电影购物一站式。周边配套吃喝玩乐应有尽有。照片 实景拍摄，真实有效 干净整洁。24小时热水 Wi-Fi覆盖 洗漱用品齐全 床品一客一换，位于运河区 老华北商厦南面 ，临近颐和商场 潮衣库批发城， 吃喝玩一条龙  
            ",100%,20 晚,小区住宅,1室1厅,整租,双人床,1张,2人,1,63平米,提供,沧州-运河区-广场街附近-恒顺世纪中心,沧州,运河区,"['宽带上网', '无线WIFI', '电视', '淋浴', '空调', '洗衣机', '电冰箱', '全天热水', '厨房', '毛巾', '拖鞋', '热水壶', '电梯', '保安', '对讲门禁', '餐具炊具', '电吹风', '智能门锁', '接待儿童2到12岁', '接待老人60岁以上', '有窗户', '落地窗', '茶几', '洗浴用品', '牙具', '刀具菜板', '调料', '洗涤用品', '燃气灶', '电磁炉', '电饭煲', '微波炉', '灭火器']",,,0,,208,,100.0%,100.0%,91.1%,21,5.0
悦客民宿～投影仪 沧州商城 潮衣库 八中 五中 火车站 老华北,"
                商圈 医院 中学 公园 古建筑 大运河 沧州商城 潮衣库 新华书店 老华北商厦
            ",100%,32 晚,小区住宅,1室0厅,整租,双人床,1张,2人,1,55平米,提供,沧州-运河区-中爱商城(颐和商城西)-潮衣库服饰批发城,沧州,运河区,"['宽带上网', '无线WIFI', '电视', '淋浴', '空调', '暖气', '洗衣机', '电冰箱', '全天热水', '厨房', '毛巾', '拖鞋', '热水壶', '电梯', '保安', '对讲门禁', '餐具炊具', '电吹风', '有窗户', '茶几', '洗浴用品', '牙具', '香皂', '刀具菜板', '调料', '洗涤用品', '燃气灶', '电磁炉', '电饭煲', '投影设备', '灭火器']",,,0,,185,,100.0%,100.0%,91.1%,21,5.0
夏日民宿【能做饭的双床】N22,"
                房间宽敞明亮，简约舒适。室内家居齐全。床品舒适。配备了24小时保安系统。出入方便。
            ",100%,38 晚,其它,2室1厅,整租,双人床,2张,4人,1,80平米,提供,沧州-运河区-御河路与永安大道交叉口东南角-泰合商业广场,沧州,运河区,"['无线WIFI', '电视', '淋浴', '暖气', '洗衣机', '电冰箱', '全天热水', '厨房', '毛巾', '热水壶', '电梯', '保安', '电吹风', '允许抽烟', '接待儿童2到12岁', '接待老人60岁以上', '被子', '泳池', '落地窗', '沙发', '洗浴用品', '牙具', '洗涤用品', '燃气灶', '电磁炉', '电饭煲', '灭火器']",,,0,,195,,100.0%,90.0%,94.3%,38,4.966
夏日民宿【能做饭的双床房】N23,"
                房间宽敞明亮，简约舒适。室内家居齐全。床品舒适。配备了24小时保安系统。出入方便。
            ",100%,38 晚,其它,2室1厅,整租,双人床,2张,4人,1,80平米,提供,沧州-运河区-御河路与永安大道交叉口东南角-泰合商业广场,沧州,运河区,"['无线WIFI', '电视', '淋浴', '暖气', '洗衣机', '电冰箱', '全天热水', '厨房', '毛巾', '热水壶', '电梯', '保安', '电吹风', '允许抽烟', '接待儿童2到12岁', '接待老人60岁以上', '被子', '泳池', '落地窗', '沙发', '洗浴用品', '牙具', '洗涤用品', '燃气灶', '电磁炉', '电饭煲', '灭火器']",,,0,,195,,100.0%,90.0%,94.3%,38,4.966
夏日民宿【特惠大床】,"
                房间宽敞明亮，简约舒适。室内家居齐全。床品舒适。配备了24小时保安系统。出入方便。
            ",100%,20 晚,其它,1室1厅,整租,双人床,1张,2人,1,80平米,提供,沧州-运河区-永安南大道-泰合星耀城,沧州,运河区,"['无线WIFI', '电视', '淋浴', '洗衣机', '电冰箱', '全天热水', '毛巾', '热水壶', '电梯', '保安', '电吹风', '接待儿童2到12岁', '接待老人60岁以上', '被子', '落地窗', '洗浴用品', '牙具', '灭火器']",,,0,,172,,100.0%,90.0%,94.3%,38,4.966
夏日民宿【普通双床】N16,"
                房间整体精装修，干净整洁，优质的床品！周边配套齐全，欢迎回家！
            ",100%,38 晚,其它,2室1厅,整租,双人床,2张,4人,1,85平米,提供,沧州-运河区-御河路与永安大道交叉口东南角-泰合商业广场,沧州,运河区,"['无线WIFI', '电视', '淋浴', '暖气', '全天热水', '毛巾', '热水壶', '电梯', '智能门锁', '接待儿童2到12岁', '接待婴幼儿2岁以下', '接待老人60岁以上', '被子', '有窗户', '洗浴用品', '牙具']",,,0,,174,,100.0%,90.0%,94.3%,38,4.966
《夏日民宿》脑科医院附近温馨两居室,"
                高端小区，环境优雅，交通方便。床品一天一换。干净卫生让你找到回家的感觉。
            ",100%,20 晚,普通公寓,2室1厅,整租,双人床,2张,2人,1,92平米,提供,沧州-运河区-永安南大道-泰合星耀城,沧州,运河区,"['无线WIFI', '电视', '淋浴', '暖气', '洗衣机', '全天热水', '厨房', '毛巾', '热水壶', '电梯', '保安', '餐具炊具', '智能门锁', '允许抽烟', '允许携带宠物', '接待儿童2到12岁', '接待老人60岁以上', '被子', '有窗户', '洗浴用品', '牙具']",位于运河区中心，出行方便，离高铁站10分钟路程。离小区50米有公交站牌，出小区就可以直接打车能方便您的出行？,,0,,198,,100.0%,90.0%,94.3%,38,4.966
十四中/迎宾小学附近豪华大床,"
                高端小区，环境优雅，交通方便。床品一天一换。干净卫生让你找到回家的感觉。
            ",100%,38 晚,其它,1室0厅,整租,双人床,1张,2人,1,85平米,提供,沧州-运河区-御河路与永安大道交叉口东南角-泰合商业广场,沧州,运河区,"['无线WIFI', '电视', '淋浴', '暖气', '全天热水', '毛巾', '热水壶', '电梯', '保安', '智能门锁', '允许抽烟', '允许携带宠物', '接待儿童2到12岁', '接待老人60岁以上', '被子', '有窗户', '洗浴用品', '牙具']",位于运河区中心，出行方便，离高铁站10分钟路程。离小区50米有公交站牌，出小区就可以直接打车能方便您的出行？,,0,,170,,100.0%,90.0%,94.3%,38,4.966
夏日民宿【普通大床】N11,"
                房间宽敞明亮，简约舒适。室内家居齐全。床品舒适。配备了24小时保安系统。出入方便。
            ",100%,20 晚,其它,1室1厅,整租,双人床,1张,2人,1,80平米,提供,沧州-运河区-永安南大道-泰合星耀城,沧州,运河区,"['无线WIFI', '电视', '淋浴', '暖气', '洗衣机', '电冰箱', '全天热水', '厨房', '毛巾', '热水壶', '电梯', '保安', '电吹风', '允许抽烟', '接待儿童2到12岁', '接待老人60岁以上', '被子', '泳池', '落地窗', '沙发', '洗浴用品', '牙具', '灭火器', '观景露台']",,,0,,198,,100.0%,90.0%,94.3%,38,4.966
夏日民宿《豪华大床》,"
                房间宽敞明亮，简约舒适。室内家居齐全。床品舒适。配备了24小时保安系统。出入方便。
            ",100%,20 晚,其它,1室1厅,整租,双人床,1张,2人,1,85平米,提供,沧州-运河区-永安南大道-泰合星耀城,沧州,运河区,"['无线WIFI', '电视', '淋浴', '暖气', '电冰箱', '全天热水', '毛巾', '热水壶', '电梯', '保安', '允许抽烟', '接待儿童2到12岁', '接待老人60岁以上', '被子', '泳池', '有窗户', '洗浴用品', '牙具', '灭火器']",,,0,,185,,100.0%,90.0%,94.3%,38,4.966
夏日民宿【普通大床】N18,"
                房间宽敞明亮，简约舒适。室内家居齐全。床品舒适。配备了24小时保安系统。出入方便。
            ",100%,20 晚,其它,1室1厅,整租,双人床,1张,2人,1,80平米,提供,沧州-运河区-永安南大道-泰合星耀城,沧州,运河区,"['无线WIFI', '电视', '淋浴', '暖气', '洗衣机', '电冰箱', '全天热水', '厨房', '毛巾', '热水壶', '电梯', '保安', '电吹风', '允许抽烟', '接待儿童2到12岁', '接待婴幼儿2岁以下', '接待老人60岁以上', '被子', '泳池', '落地窗', '沙发', '洗浴用品', '牙具', '洗涤用品', '燃气灶', '电磁炉', '电饭煲', '灭火器', '观景露台']",,,0,,174,,100.0%,90.0%,94.3%,38,4.966
夏日公寓精品大床,"
                整个房子装修为北欧现代风格，落地窗，五星级酒店床品。干净舒适！欢迎回家！
            ",100%,20 晚,其它,1室1厅,整租,双人床,1张,2人,1,85平米,提供,沧州-运河区-御河路以南-泰合星耀城,沧州,运河区,"['无线WIFI', '电视', '淋浴', '暖气', '洗衣机', '全天热水', '毛巾', '热水壶', '电梯', '智能门锁', '允许抽烟', '接待儿童2到12岁', '接待老人60岁以上', '被子', '落地窗', '洗浴用品', '牙具']",,,0,,183,,100.0%,90.0%,94.3%,38,4.966
夏日民宿【家庭房】N13,"
                房间干净整洁，3张1米8X2米的大床，非常适合大家庭或者三五好友居住。
            ",100%,38 晚,其它,3室0厅,整租,双人床,3张,6人,1,85平米,提供,沧州-运河区-御河路与永安大道交叉口东南角-泰合商业广场,沧州,运河区,"['无线WIFI', '电视', '淋浴', '暖气', '全天热水', '毛巾', '热水壶', '电梯', '智能门锁', '允许抽烟', '接待儿童2到12岁', '接待老人60岁以上', '被子', '落地窗', '洗浴用品', '牙具']",,,0,,219,,100.0%,90.0%,94.3%,38,4.966
夏日民宿【普通双床】N10,"
                房间宽敞明亮，简约舒适。室内家居齐全。床品舒适。配备了24小时保安系统。出入方便。
            ",100%,20 晚,其它,1室1厅,整租,"双人床
双人床",2张,2人,1,80平米,提供,沧州-运河区-永安南大道-泰合星耀城,沧州,运河区,"['无线WIFI', '电视', '淋浴', '暖气', '全天热水', '厨房', '毛巾', '热水壶', '电梯', '保安', '电吹风', '允许抽烟', '接待儿童2到12岁', '接待老人60岁以上', '被子', '泳池', '落地窗', '沙发', '洗浴用品', '牙具', '洗涤用品', '燃气灶', '电磁炉', '电饭煲', '灭火器']",,,0,,178,,100.0%,90.0%,94.3%,38,4.966
夏日民宿[特惠双床]N 15,"
                房间干净卫生，周边饭店、饮品、小吃、电影院等配套齐全。欢迎回家！
            ",100%,38 晚,其它,1室1厅,整租,双人床,2张,4人,1,85平米,提供,沧州-运河区-御河路与永安大道交叉口东南角-泰合商业广场,沧州,运河区,"['无线WIFI', '电视', '淋浴', '暖气', '全天热水', '毛巾', '热水壶', '电梯', '智能门锁', '允许抽烟', '接待儿童2到12岁', '接待婴幼儿2岁以下', '接待老人60岁以上', '被子', '落地窗', '洗浴用品', '牙具']",,,0,,181,,100.0%,90.0%,94.3%,38,4.966
紧邻明珠商贸城，西客站，市政大厅,"
                交通便利，停车方便
            ",100%,20 晚,酒店式公寓,1室1厅,整租,双人床,1张,2人,1,50平米,提供,沧州-运河区-迎宾北大道-泰大国际家居广场,沧州,运河区,"['宽带上网', '无线WIFI', '电视', '淋浴', '空调', '暖气', '洗衣机', '电冰箱', '全天热水', '电脑', '毛巾', '拖鞋', '热水壶', '电梯', '保安', '电吹风', '智能门锁', '新风系统', '有窗户', '落地窗', '沙发', '茶几', '洗浴用品', '牙具', '香皂', '灭火器']",,,0,,138,,100.0%,100.0%,100.0%,11,5.0
近西客站，明珠商贸城，市政大厅,"
                干净卫生舒服大方
            ",100%,20 晚,酒店式公寓,1室1厅,整租,双人床,1张,2人,1,50平米,提供,沧州-运河区-迎宾北大道-泰大国际家居广场,沧州,运河区,"['宽带上网', '无线WIFI', '电视', '淋浴', '空调', '暖气', '洗衣机', '电冰箱', '全天热水', '毛巾', '拖鞋', '热水壶', '电吹风', '接待儿童2到12岁', '接待婴幼儿2岁以下', '有窗户', '落地窗', '沙发', '茶几', '挂烫机', '洗浴用品', '牙具', '香皂']",,,0,,138,,100.0%,100.0%,100.0%,11,5.0
华北三期同天商超阳光现代简约大床房,"
                地处商超周边，一路之隔，购物娱乐应有尽有
            ",100%,18 晚,小区住宅,2室1厅,整租,双人床,2张,4人,1,86平米,提供,沧州-运河区-解放西路-颐和家园,沧州,运河区,"['宽带上网', '无线WIFI', '电视', '淋浴', '空调', '洗衣机', '电冰箱', '全天热水', '毛巾', '拖鞋', '热水壶', '电梯', '保安', '餐具炊具', '电吹风', '允许抽烟', '接待儿童2到12岁', '接待婴幼儿2岁以下', '接待老人60岁以上', '有窗户', '沙发', '茶几', '洗浴用品', '牙具', '香皂', '燃气灶', '灭火器']",,,0,,200,,100.0%,100.0%,100.0%,7,4.286
市中心悦都汇loft（复式）豪华一居室、中央空调,"
                位于市中心，繁华、热闹商圈地段，近医院近火车站
            ",100%,36 晚,小区住宅,1室1厅,整租,双人床,1张,2人,2,100平米,提供,沧州-任丘市-裕华西路与会战北道处西北角-新悦城,沧州,任丘市,"['无线WIFI', '电视', '淋浴', '空调', '暖气', '洗衣机', '电冰箱', '全天热水', '厨房', '毛巾', '拖鞋', '热水壶', '电梯', '对讲门禁', '电吹风', '智能门锁', '泳池', '有窗户', '洗浴用品', '牙具', '香皂']",位于市中心繁华地段，周围商圈发达便利,,0,,308,,100.0%,100.0%,80.0%,6,5.0
loft复式特价大床房,"
                位于商场、医院、车站、火车站附近，处于市中心地带，地势繁华，交通便利！装修豪华，商场、医院、车站、火车站附近，处于市中心地带，地势繁华，交通便利！
            ",100%,36 晚,小区住宅,1室1厅,整租,双人床,1张,2人,1,100平米,提供,沧州-任丘市-裕华西路与会战北道处西北角-新悦城,沧州,任丘市,"['宽带上网', '无线WIFI', '电视', '淋浴', '空调', '暖气', '洗衣机', '电冰箱', '全天热水', '厨房', '毛巾', '拖鞋', '热水壶', '电梯', '保安', '对讲门禁', '餐具炊具', '电吹风', '智能门锁', '允许抽烟', '泳池', '有窗户', '落地窗', '茶几', '洗浴用品', '牙具', '香皂', '洗涤用品', '电磁炉', '微波炉', '投影设备', '灭火器']",商场、医院、车站、火车站附近，处于市中心地带，地势繁华，交通便利！,,0,,208,,100.0%,100.0%,80.0%,6,5.0
明珠商贸城附近温馨大床房,"
                 1
            ",100%,24 晚,普通公寓,1室0厅,整租,双人床,1张,2人,1,55平米,提供,沧州-运河区-朝阳大街16号,沧州,运河区,"['无线WIFI', '电视', '淋浴', '全天热水', '毛巾', '电梯', '智能门锁', '接待外宾', '被子', '有窗户', '牙具']",,,0,,95,,100.0%,100.0%,100.0%,11,5.0
紧邻西客站，明珠商贸城，居然之家,"
                 1
            ",100%,24 晚,普通公寓,1室0厅,整租,双人床,1张,2人,1,55平米,提供,沧州-运河区-朝阳大街16号,沧州,运河区,"['无线WIFI', '电视', '淋浴', '全天热水', '毛巾', '电梯', '智能门锁', '接待外宾', '被子', '有窗户', '牙具']",,,0,,99,,100.0%,100.0%,100.0%,11,5.0
紧邻西客站，居然之家，明珠商贸城，市政大厅,"
                 1
            ",100%,24 晚,普通公寓,1室0厅,整租,双人床,1张,2人,1,50平米,提供,沧州-运河区-朝阳大街16号,沧州,运河区,"['无线WIFI', '电视', '淋浴', '全天热水', '毛巾', '电梯', '智能门锁', '被子', '有窗户', '牙具']",,,0,,99,,100.0%,100.0%,100.0%,11,5.0
近医院近商场近学校整套大宅Loft复式,"
                 1
            ",100%,36 晚,酒店式公寓,2室1厅,整租,"双人床
双人床",2张,4人,1,100平米,提供,沧州-运河区-永安南大道与御河路交叉路口-泰合星耀城,沧州,运河区,"['无线WIFI', '电视', '淋浴', '暖气', '洗衣机', '电冰箱', '全天热水', '厨房', '毛巾', '热水壶', '电梯', '保安', '电吹风', '智能门锁', '被子', '有窗户', '沙发', '洗浴用品', '牙具']",,,0,,158,,100.0%,100.0%,100.0%,11,5.0
紧邻居然之家，西客站，明珠商贸城,"
                 1
            ",100%,24 晚,普通公寓,1室0厅,整租,双人床,1张,2人,1,50平米,提供,沧州-运河区-朝阳大街16号,沧州,运河区,"['无线WIFI', '电视', '淋浴', '全天热水', '毛巾', '电梯', '智能门锁', '被子', '有窗户', '牙具']",,,0,,105,,100.0%,100.0%,100.0%,11,5.0
河间美宿民宿三厂北区临时房下单先咨询日租房长租短租房，免费楼下停车方便，全程无人接触，隐私保密。,"
                室内轻奢风格装修安静温暖，柔软皮床席梦思床垫床用用品四件套，柔软细腻，，专职人员打扫，保证卫生洁净。临近商场超市，安静私密，智能密码锁开门，阳光直晒被褥温暖安逸，家电家具齐全，厨房可用，热水淋雨，免费停车，
            ",100%,24 晚,小区住宅,2室1厅,整租,双人床,2张,4人,1,68平米,提供,沧州-河间市-瀛洲镇曙光东路-花苑第三小区,沧州,河间市,"['宽带上网', '无线WIFI', '电视', '淋浴', '空调', '暖气', '洗衣机', '电冰箱', '全天热水', '厨房', '毛巾', '拖鞋', '热水壶', '保安', '对讲门禁', '餐具炊具', '电吹风', '智能门锁', '允许抽烟', '泳池', '有窗户', '沙发', '茶几', '洗浴用品', '牙具', '香皂', '刀具菜板', '调料', '洗涤用品', '燃气灶', '桌面游戏', '灭火器']",大型商超，专业小吃，特色饭店，临近体育场,,0,,182,,100.0%,100.0%,100.0%,1,5.0
近医院商场，金域华庭阳光大床房,"
                精装现代住宅公寓，周边配套设施齐全，购物娱乐一应俱全
            ",100%,18 晚,小区住宅,2室2厅,整租,双人床,2张,4人,1,77平米,提供,沧州-运河区-光荣路-金域华庭,沧州,运河区,"['宽带上网', '无线WIFI', '电视', '淋浴', '空调', '洗衣机', '电冰箱', '全天热水', '毛巾', '拖鞋', '热水壶', '电梯', '保安', '智能门锁', '允许抽烟', '接待儿童2到12岁', '接待婴幼儿2岁以下', '有窗户', '落地窗', '沙发', '茶几', '洗浴用品', '牙具', '香皂', '燃气灶', '微波炉']",,,1, 房间很好很大，位置也挺好，房东很好,180,5.0,100.0%,100.0%,100.0%,7,4.286
周边商超，药店，医院等一应俱全,"
                 周边商超，药店，医院等一应俱全
            ",100%,20 晚,普通公寓,2室1厅,整租,"双人床
双人床",2张,4人,1,80平米,提供,沧州-运河区-浮阳南大道-万润绿景园,沧州,运河区,"['无线WIFI', '电视', '淋浴', '暖气', '电冰箱', '全天热水', '厨房', '毛巾', '电梯', '保安', '餐具炊具', '电吹风', '智能门锁', '允许抽烟', '接待儿童2到12岁', '接待婴幼儿2岁以下', '接待老人60岁以上', '被子', '有窗户', '沙发', '洗浴用品', '牙具', '燃气灶']",,,1, 挺好的 老板服务不错,140,5.0,100.0%,100.0%,100.0%,7,4.286
近华北商厦北欧风格阳光房,"
                位于沧州东部核心城区，近商超，近车站，方便快捷交通便利
            ",100%,20 晚,普通公寓,1室0厅,整租,圆床,1张,2人,1,40平米,提供,沧州-新华区-车站办事处-禧福荷堂,沧州,新华区,"['宽带上网', '无线WIFI', '电视', '淋浴', '空调', '洗衣机', '全天热水', '毛巾', '拖鞋', '热水壶', '电梯', '保安', '电吹风', '智能门锁', '允许抽烟', '接待儿童2到12岁', '接待婴幼儿2岁以下', '接待老人60岁以上', '有窗户', '沙发', '茶几', '洗浴用品', '牙具', '香皂', '投影设备']",,,0,,120,,100.0%,100.0%,100.0%,7,4.286
近医院近大学温馨私享,"
                 1
            ",100%,20 晚,普通公寓,1室0厅,整租,双人床,1张,2人,1,40平米,提供,沧州-新华区-车站办事处-禧福荷堂,沧州,新华区,"['无线WIFI', '电视', '淋浴', '全天热水', '毛巾', '电梯', '智能门锁', '允许抽烟', '接待儿童2到12岁', '接待婴幼儿2岁以下', '接待老人60岁以上', '被子', '有窗户', '牙具']",,,0,,120,,100.0%,100.0%,100.0%,7,4.286
网红LOFT(复式）豪华型一居室悦都汇商场、医院、公园、汽车站、火车站附近,"
                地势繁华、交通便利、周围设施齐全，自助入住，位于大型商场楼上，是出差、游玩、轰趴的不二之选！此房源处于市中心地段的高级公寓内，装修豪华、出行便利，温馨时尚的内饰让您的身心得到放松！
            ",100%,36 晚,小区住宅,1室2厅,整租,双人床,1张,2人,2,100平米,提供,沧州-任丘市-裕华西路与会战北道处西北角-新悦城,沧州,任丘市,"['宽带上网', '无线WIFI', '电视', '淋浴', '空调', '暖气', '洗衣机', '电冰箱', '全天热水', '厨房', '毛巾', '拖鞋', '热水壶', '电梯', '保安', '对讲门禁', '餐具炊具', '电吹风', '智能门锁', '泳池', '有窗户', '落地窗', '沙发', '茶几', '洗浴用品', '牙具', '香皂', '刀具菜板', '洗涤用品', '电磁炉', '投影设备', '灭火器']",附近有多家商场、夜市、医院、汽车站、火车站、娱乐场去等设施,,1, 干净卫生#  设施齐全#  ,258,5.0,100.0%,100.0%,80.0%,6,5.0
市中心网红loft时尚二居室,"
                位于市中心，地段繁华，交通便利，各大商超云集！位于市中心，地段繁华，交通便利，各大商超云集！
            ",100%,36 晚,小区住宅,2室2厅,整租,"双人床
双人床",2张,4人,2,100平米,提供,沧州-任丘市-裕华西路与会战北道处西北角-新悦城,沧州,任丘市,"['无线WIFI', '电视', '淋浴', '空调', '暖气', '洗衣机', '电冰箱', '全天热水', '厨房', '毛巾', '拖鞋', '热水壶', '电梯', '保安', '对讲门禁', '餐具炊具', '电吹风', '智能门锁', '泳池', '有窗户', '落地窗', '茶几', '洗浴用品', '牙具', '香皂', '洗涤用品', '电磁炉', '麻将机', '投影设备', '音响设备', '灭火器']",位于市中心，地段繁华，交通便利，各大商超云集！,,0,,358,,100.0%,100.0%,80.0%,6,5.0
市中心整套loft复式高清投影电动麻将桌豪华三居室,"
                位于市中心，附近商圈齐全，近医院、银行、商场、车站、火车站
交通便利，设施齐全位于市中心，附近商圈齐全，近医院、银行、商场、车站、火车站
            ",100%,36 晚,小区住宅,3室2厅,整租,"双人床
双人床",3张,6人,2,150平米,提供,沧州-任丘市-裕华西路与会战北道处西北角-新悦城,沧州,任丘市,"['宽带上网', '无线WIFI', '电视', '淋浴', '空调', '暖气', '洗衣机', '电冰箱', '全天热水', '厨房', '毛巾', '拖鞋', '热水壶', '电梯', '保安', '对讲门禁', '餐具炊具', '电吹风', '智能门锁', '有窗户', '茶几', '洗浴用品', '牙具', '香皂', '洗涤用品', '电磁炉', '麻将机', '投影设备', '音响设备', '灭火器']",位于市中心，附近商圈齐全，近医院、银行、商场、车站、火车站，自助入住,,0,,408,,100.0%,100.0%,80.0%,6,5.0
市中心，近商圈、商场附近loft民宿投影〔超大床〕舒适一居室,"
                位于商场、医院、车站、火车站附近，处于市中心地带，地势繁华，交通便利！装修豪华，商场、医院、车站、火车站附近，处于市中心地带，地势繁华，交通便利！
            ",100%,36 晚,小区住宅,1室1厅,整租,双人床,1张,2人,1,100平米,提供,沧州-任丘市-裕华西路与会战北道处西北角-新悦城,沧州,任丘市,"['宽带上网', '无线WIFI', '电视', '淋浴', '空调', '暖气', '洗衣机', '电冰箱', '全天热水', '厨房', '毛巾', '拖鞋', '热水壶', '电梯', '保安', '对讲门禁', '餐具炊具', '电吹风', '智能门锁', '允许抽烟', '泳池', '有窗户', '落地窗', '茶几', '洗浴用品', '牙具', '香皂', '洗涤用品', '电磁炉', '微波炉', '投影设备', '灭火器']",商场、医院、车站、火车站附近，处于市中心地带，地势繁华，交通便利！,,0,,218,,100.0%,100.0%,80.0%,6,5.0
金都庄园民宿2居室，接近市医院，黄骅中学，信誉楼，耀华商场，交通大学，海滨学院，宽敞明亮，装修靓丽！,"
                 1
            ",100%,22 晚,普通公寓,2室1厅,整租,"双人床
双人床",2张,4人,1,90平米,提供,沧州-黄骅市-顺意步行西街-金都庄园,沧州,黄骅市,"['无线WIFI', '电视', '淋浴', '暖气', '洗衣机', '电冰箱', '全天热水', '厨房', '毛巾', '拖鞋', '热水壶', '保安', '餐具炊具', '电吹风', '智能门锁', '允许抽烟', '接待外宾', '被子', '落地窗', '沙发', '茶几', '洗浴用品', '牙具', '洗涤用品', '燃气灶', '电饭煲']",,,0,,242,,100.0%,100.0%,100.0%,4,5.0
金都雅居2室1厅，接近市医院，黄骅中学，信誉楼，耀华商场，交通大学，海滨学院，宽敞明亮，装修靓丽！,"
                 1
            ",100%,16 晚,普通公寓,2室1厅,整租,"双人床
双人床",2张,4人,1,90平米,提供,沧州-黄骅市-新华路-金都雅居,沧州,黄骅市,"['无线WIFI', '电视', '淋浴', '暖气', '洗衣机', '电冰箱', '全天热水', '厨房', '毛巾', '拖鞋', '热水壶', '电梯', '保安', '餐具炊具', '电吹风', '智能门锁', '允许抽烟', '接待儿童2到12岁', '接待老人60岁以上', '接待外宾', '被子', '落地窗', '沙发', '茶几', '洗浴用品', '牙具', '洗涤用品', '燃气灶', '电饭煲']",,,0,,253,,100.0%,100.0%,100.0%,4,5.0
老华北 建新大厦 信誉楼 南湖盐白 火车站 北欧轻奢风格 恒顺 大床,"
                北欧轻奢风格，干净整洁，环境怡人。备有舒适大床，衣柜，空调，洗衣机，WI-FI覆盖，免费影视观看，暖气开放，24小时热水，独立卫生间，拖鞋，毛巾，洗浴洗漱用品一应俱全，床品一客一换，可做饭，提供简单厨具（疫情原因调料请自备）地理位置优越，距火车站汽车站5分钟路程，楼下即老华北颐和商城信誉楼，小吃一条街，购物和饮食都非常便利。
            ",100%,22 晚,普通公寓,1室1厅,整租,双人床,1张,2人,1,63平米,提供,沧州-运河区-恒顺世纪中心-恒顺世纪中心,沧州,运河区,"['宽带上网', '无线WIFI', '电视', '淋浴', '空调', '暖气', '洗衣机', '电冰箱', '全天热水', '毛巾', '拖鞋', '热水壶', '电梯', '保安', '餐具炊具', '电吹风', '智能门锁', '允许抽烟', '有窗户', '落地窗', '沙发', '茶几', '净水机', '洗浴用品', '牙具', '香皂', '刀具菜板', '洗涤用品', '燃气灶', '电磁炉', '灭火器', '花园']",,,0,,168,,100.0%,100.0%,100.0%,1,5.0
任丘初遇民宿云夕与鹿,"
                任丘初遇民宿环境整洁温馨，服务专业热情，地理位置优越便利，房间设有24小时热水
            ",100%,16 晚,小区住宅,1室0厅,整租,双人床,1张,1人,1,55平米,提供,沧州-任丘市-会战道-京南互联网大厦,沧州,任丘市,"['无线WIFI', '电视', '淋浴', '暖气', '全天热水', '毛巾', '拖鞋', '热水壶', '电梯', '电吹风', '智能门锁', '接待儿童2到12岁', '接待老人60岁以上', '被子', '有窗户', '洗浴用品', '牙具']",,,0,,230,,100.0%,70.0%,100.0%,5,4.94
任丘初遇民宿光点-投影,"
                任丘初遇民宿环境整洁温馨，服务专业热情，地理位置优越便利，房间设有24小时热水
            ",100%,16 晚,小区住宅,1室0厅,整租,双人床,1张,2人,1,50平米,提供,沧州-任丘市-新华路-京南互联网大厦,沧州,任丘市,"['无线WIFI', '电视', '淋浴', '暖气', '全天热水', '毛巾', '拖鞋', '热水壶', '电梯', '电吹风', '智能门锁', '允许抽烟', '接待儿童2到12岁', '接待婴幼儿2岁以下', '接待老人60岁以上', '被子', '有窗户', '洗浴用品', '牙具']",,,0,,129,,100.0%,70.0%,100.0%,5,4.94
任丘初遇民宿樱宿,"
                任丘初遇民宿环境整洁温馨，服务专业热情，地理位置优越便利，房间设有24小时热水
            ",100%,18 晚,普通公寓,1室0厅,整租,双人床,1张,2人,1,30平米,提供,沧州-任丘市-会战北道-京南互联网大厦,沧州,任丘市,"['无线WIFI', '电视', '淋浴', '空调', '暖气', '毛巾', '拖鞋', '热水壶', '电梯', '电吹风', '智能门锁', '接待儿童2到12岁', '接待婴幼儿2岁以下', '接待老人60岁以上', '被子', '有窗户', '洗浴用品', '牙具', '香皂']",,,0,,212,,100.0%,100.0%,100.0%,3,5.0
任丘初遇民宿苇浮房,"
                任丘初遇民宿环境整洁温馨，服务专业热情，地理位置优越便利，房间设有24小时热水
            ",100%,18 晚,普通公寓,1室0厅,整租,双人床,1张,2人,1,55平米,提供,沧州-任丘市-会战北道-京南互联网大厦,沧州,任丘市,"['无线WIFI', '电视', '淋浴', '空调', '暖气', '毛巾', '拖鞋', '热水壶', '电梯', '电吹风', '智能门锁', '允许抽烟', '接待儿童2到12岁', '接待婴幼儿2岁以下', '接待老人60岁以上', '被子', '有窗户', '洗浴用品', '牙具', '香皂']",,,0,,181,,100.0%,100.0%,100.0%,3,5.0
任丘初遇民宿田野森林,"
                任丘初遇民宿环境整洁温馨，服务专业热情，地理位置优越便利，房间设有24小时热水
            ",100%,18 晚,普通公寓,1室0厅,整租,双人床,1张,2人,1,40平米,提供,沧州-任丘市-会战北道-京南互联网大厦,沧州,任丘市,"['无线WIFI', '电视', '淋浴', '空调', '暖气', '毛巾', '拖鞋', '热水壶', '电梯', '电吹风', '智能门锁', '接待儿童2到12岁', '接待婴幼儿2岁以下', '接待老人60岁以上', '被子', '有窗户', '洗浴用品', '牙具', '香皂']",,,0,,239,,100.0%,100.0%,100.0%,3,5.0
黄骅民宿2居室，接近黄骅市医院，黄骅中学，信誉楼，耀华商场，交通大学，海滨学院，,"
                金都雅居民宿2居室，接近市医院，黄骅中学，信誉楼，耀华商场，交通大学，海滨学院，
            ",100%,16 晚,普通公寓,2室1厅,整租,"双人床
双人床",2张,4人,1,90平米,提供,沧州-黄骅市-新华路-金都雅居,沧州,黄骅市,"['无线WIFI', '电视', '淋浴', '空调', '暖气', '洗衣机', '电冰箱', '毛巾', '拖鞋', '热水壶', '保安', '餐具炊具', '电吹风', '智能门锁', '接待儿童2到12岁', '接待婴幼儿2岁以下', '接待老人60岁以上', '接待外宾', '有窗户', '落地窗', '沙发', '茶几', '洗浴用品', '牙具', '香皂', '洗涤用品', '燃气灶', '电饭煲', '微波炉']",,,0,,268,,100.0%,100.0%,100.0%,4,5.0
近高速休闲标间独卫,"
                近高速，经济，卫生，食宿方便，交通方便
            ",100%,22 晚,酒店式公寓,1室0厅,整租,单人床,2张,2人,1,25平米,提供,沧州-海兴县-海安路38号,沧州,海兴县,"['无线WIFI', '电视', '淋浴', '空调', '暖气', '全天热水', '毛巾', '拖鞋', '热水壶', '保安', '接待儿童2到12岁', '接待婴幼儿2岁以下', '有窗户', '茶几', '洗浴用品', '牙具', '香皂', '灭火器']",,,0,,50,,100.0%,100.0%,100.0%,1,5.0
黄骅民宿三居室，接近黄骅市医院，重点中学，信誉楼，宽敞明亮装修靓丽欢迎您的光临,"
                2室1厅住宅公寓，合理舒适温馨的空间欢迎你入住～，步行范围内有各种便利设施，便利店、超市、菜市场、各类餐馆方便用餐，房源设施齐全，洗漱用品齐全，不要你大包小包，不想吃餐厅点外卖的时候可以自己做饭，材料齐全，可在沙发上恣意葛优瘫，有冰箱能让你享受冰西瓜和冰饮料爽歪歪，小区环境好，安静、安全，方便去周边景点游玩，近医院方便看病休憩照顾家人，如有其他问题欢迎随时向我咨询，我会为你提供更多的旅行建议，并将尽量满足你入住期间的需求
            ",100%,16 晚,普通公寓,3室1厅,整租,"双人床
榻榻米
榻榻米",3张,5人,1,90平米,提供,沧州-黄骅市-新华路-金都雅居,沧州,黄骅市,"['宽带上网', '无线WIFI', '电视', '淋浴', '空调', '暖气', '洗衣机', '电冰箱', '全天热水', '毛巾', '拖鞋', '热水壶', '保安', '餐具炊具', '电吹风', '智能门锁', '允许抽烟', '接待儿童2到12岁', '接待婴幼儿2岁以下', '接待老人60岁以上', '接待外宾', '有窗户', '落地窗', '沙发', '茶几', '洗浴用品', '牙具', '香皂', '洗涤用品', '燃气灶', '电饭煲', '微波炉']",,,0,,238,,100.0%,100.0%,100.0%,4,5.0
任丘悦城loft公寓,"
                欢迎入住~
            ",100%,22 晚,其它,1室1厅,整租,"双人床
双人床",2张,4人,2,110平米,提供,沧州-任丘市-裕华西路2号-悦城悦都汇,沧州,任丘市,"['无线WIFI', '电视', '淋浴', '空调', '暖气', '电冰箱', '毛巾', '拖鞋', '热水壶', '电梯', '餐具炊具', '电吹风', '智能门锁', '接待儿童2到12岁', '接待婴幼儿2岁以下', '接待老人60岁以上', '接待外宾', '被子', '有窗户', '落地窗', '沙发', '茶几', '洗浴用品', '牙具', '香皂', '刀具菜板', '电磁炉', '投影设备']",,,0,,266,,100.0%,70.0%,80.0%,10,5.0
任丘悦都汇loft公寓,"
                欢迎入住~
            ",100%,22 晚,其它,1室2厅,整租,双人床,1张,2人,2,100平米,提供,沧州-任丘市-裕华西路2号-悦城悦都汇,沧州,任丘市,"['无线WIFI', '电视', '淋浴', '空调', '暖气', '毛巾', '拖鞋', '热水壶', '电梯', '电吹风', '智能门锁', '接待儿童2到12岁', '接待婴幼儿2岁以下', '接待老人60岁以上', '接待外宾', '被子', '有窗户', '落地窗', '茶几', '洗浴用品', '牙具', '香皂', '投影设备']",,,0,,239,,100.0%,70.0%,80.0%,10,5.0
任丘悦都汇Loft复式公寓民宿,"
                任丘悦都汇Loft复式公寓民宿
            ",100%,24 晚,其它,1室2厅,整租,双人床,1张,2人,2,100平米,提供,沧州-任丘市-会战北道86号-怡海家园,沧州,任丘市,"['无线WIFI', '电视', '淋浴', '空调', '暖气', '毛巾', '拖鞋', '热水壶', '电梯', '电吹风', '智能门锁', '接待儿童2到12岁', '接待婴幼儿2岁以下', '接待老人60岁以上', '接待外宾', '被子', '有窗户', '落地窗', '茶几', '洗浴用品', '牙具', '香皂', '投影设备']",,,0,,222,,100.0%,70.0%,80.0%,10,5.0
近医院近大学大客厅落地窗,"
                近医院近大学大客厅落地窗
            ",100%,22 晚,普通公寓,2室1厅,整租,"双人床
双人床",2张,4人,1,98平米,提供,沧州-运河区-浮阳北大道西-恒大城,沧州,运河区,"['无线WIFI', '电视', '淋浴', '空调', '暖气', '洗衣机', '电冰箱', '厨房', '毛巾', '拖鞋', '热水壶', '电梯', '保安', '餐具炊具', '电吹风', '被子', '有窗户', '沙发', '洗浴用品', '牙具', '刀具菜板', '调料', '洗涤用品', '燃气灶', '灭火器']",,,0,,174,,100.0%,100.0%,100.0%,4,5.0
妞宝民宿轻奢温馨两居室近盛世嘉年华～四合菜市场,"
                欧式风格的装修，配备舒适的大床和床垫，相信您一定会舒舒服服的睡个好觉！除此之外卧室还有空调、免费百兆wifi、以及独立的卫生间哦（24小时热水是妥妥的）！如果您想做饭，厨房免费提供给您，厨具调料齐备，快来大展厨艺吧！
            ",100%,18 晚,普通公寓,2室1厅,整租,"双人床
榻榻米",2张,4人,1,92平米,提供,沧州-运河区-河西北街-贻成·御景狮城,沧州,运河区,"['无线WIFI', '淋浴', '空调', '暖气', '洗衣机', '电冰箱', '全天热水', '毛巾', '拖鞋', '热水壶', '电梯', '保安', '餐具炊具', '电吹风', '允许抽烟', '接待老人60岁以上', '接待外宾', '有窗户', '落地窗', '沙发', '茶几', '洗浴用品', '牙具', '香皂', '刀具菜板', '调料', '洗涤用品', '燃气灶', '灭火器']",小区内绿树环抱、清新怡人，在这里您不用担心大都市的吵闹。物业管理安全有序，24小时保安巡视，行人出入需刷门禁卡，让您住的安全放心。小区周边设施齐全。,可乘坐505路公交车直通火车站、中心医院、人民公园等,0,,233,,100.0%,100.0%,100.0%,4,5.0
轻奢温馨两居室～近夜市～市妇幼医院～十一中,"
                轻奢温馨两居室～近夜市～市妇幼医院～十一中
            ",100%,22 晚,普通公寓,2室1厅,整租,"双人床
双人床",2张,4人,1,110平米,提供,沧州-运河区-浮阳北大道西-恒大城,沧州,运河区,"['无线WIFI', '电视', '淋浴', '空调', '暖气', '洗衣机', '电冰箱', '厨房', '毛巾', '拖鞋', '热水壶', '电梯', '保安', '餐具炊具', '被子', '有窗户', '落地窗', '沙发', '茶几', '洗浴用品', '牙具', '香皂', '洗涤用品', '燃气灶', '灭火器']",,,0,,186,,100.0%,100.0%,100.0%,4,5.0
近医院近大学落地窗观景,"
                大落地窗尽享广阔视野和温暖阳光，小区安静安全，环境好，有电梯/低层无电梯，不用自己搬行李，很轻松/有行李也不用发愁，房源有洗衣机，可以洗衣服，不想吃餐厅点外卖的时候可以自己做饭，材料齐全，房源设施齐全，洗漱用品齐全，不要你大包小包，提供电热水壶，健康度假零负担，有电视，各类直播随意看，
            ",100%,20 晚,酒店式公寓,1室0厅,整租,双人床,1张,2人,1,63平米,提供,沧州-运河区-广场街附近-恒顺世纪中心,沧州,运河区,"['无线WIFI', '电视', '淋浴', '空调', '洗衣机', '电冰箱', '厨房', '毛巾', '拖鞋', '热水壶', '电梯', '保安', '对讲门禁', '餐具炊具', '电吹风', '接待儿童2到12岁', '接待婴幼儿2岁以下', '接待老人60岁以上', '被子', '泳池', '有窗户', '落地窗', '茶几', '洗浴用品', '牙具', '香皂', '刀具菜板', '洗涤用品', '电磁炉', '电饭煲', '灭火器']",,,0,,169,,100.0%,100.0%,80.0%,12,5.0
曹姐 主题民宿  （大床房1.8米,"
                照片 实景拍摄， 多个房间 可供选择，真实有效 干净整洁。落地阳台，24小时热水 Wi-Fi覆盖 可做饭 洗漱用品齐全 床品一客一换 可做饭哦 提供厨具和简单调料，位于运河区 老华北南 ，临近 沧州商城 颐和商城 天一手机卖场 楼下是小吃一条街，个个商场距离 都不超过300米，是走亲访友 出差旅游的 优选地段[愉快][愉快]
            ",100%,20 晚,普通公寓,1室0厅,整租,双人床,1张,2人,1,63平米,提供,沧州-运河区-广场街附近-恒顺世纪中心,沧州,运河区,"['无线WIFI', '电视', '淋浴', '空调', '洗衣机', '电冰箱', '厨房', '毛巾', '拖鞋', '热水壶', '电梯', '保安', '对讲门禁', '餐具炊具', '电吹风', '接待儿童2到12岁', '接待婴幼儿2岁以下', '接待老人60岁以上', '被子', '有窗户', '落地窗', '茶几', '洗浴用品', '牙具', '香皂', '刀具菜板', '调料', '洗涤用品', '电磁炉', '电饭煲']",,,0,,185,,100.0%,100.0%,80.0%,12,5.0
近商圈 近医院 大客厅/投影设备）24小时热水,"
                大落地窗尽享广阔视野和温暖阳光，24安全保障，尽享无忧入住，提供投影设施/超大电视可亲密私享影片娱乐，可在沙发上恣意葛优瘫，有电梯/低层无电梯，老人小孩轻松入住，养精蓄锐开启旅途，有洗衣机，解放双手，每天穿新衣，提供电热水壶，健康度假零负担，有电视，各类直播随意看，有冰箱，美食放心购，全天保鲜无休，如有其他问题欢迎随时向我咨询，我会为你提供更多的旅行建议，并将尽量满足你入住期间的需求，更多房源请查看房东主页供你选择，
            ",100%,20 晚,普通公寓,1室0厅,整租,双人床,1张,2人,1,63平米,提供,沧州-运河区-广场街附近-恒顺世纪中心,沧州,运河区,"['无线WIFI', '电视', '淋浴', '空调', '暖气', '洗衣机', '电冰箱', '厨房', '毛巾', '拖鞋', '热水壶', '电梯', '保安', '餐具炊具', '电吹风', '接待儿童2到12岁', '接待婴幼儿2岁以下', '接待老人60岁以上', '接待外宾', '被子', '有窗户', '落地窗', '沙发', '茶几', '洗浴用品', '牙具', '香皂', '刀具菜板', '调料', '电磁炉', '电饭煲', '投影设备', '灭火器']","近火车站 商场

楼下有两大影院，（近在200米内的 各大商场 ，沧州知名的市中心 华北商厦，胖胖熊儿童超大 淘气堡；沧州商城，颐和商城 吉利鞋城；潮衣库服装鞋子批发城（信誉楼）

周边； 近三四百米 清风古楼、彩虹桥  ，沧州大运河 ，南湖公园 ，周边银行 工行 建行 信用社....

近人民医院 中心医院  ，同仁堂大药房，一公里左右  ，公交两站地

沧州有 动物园里面有熊猫 很多品种的猴子 孔雀 鹿..公交可到达，名人植物园，狮城公园...",,0,,185,,100.0%,100.0%,80.0%,12,5.0
近华北商厦 清风鼓楼；大运河 近医院落地窗观景,"
                近华北商厦 清风鼓楼；大运河 近医院落地窗观景
            ",100%,20 晚,普通公寓,1室0厅,整租,双人床,1张,2人,1,63平米,提供,沧州-运河区-广场街附近-恒顺世纪中心,沧州,运河区,"['无线WIFI', '电视', '淋浴', '空调', '洗衣机', '电冰箱', '厨房', '毛巾', '拖鞋', '热水壶', '电梯', '保安', '餐具炊具', '电吹风', '接待儿童2到12岁', '接待婴幼儿2岁以下', '接待老人60岁以上', '被子', '有窗户', '落地窗', '沙发', '茶几', '洗浴用品', '牙具', '香皂', '刀具菜板', '调料', '洗涤用品', '电磁炉', '电饭煲', '灭火器']",,,0,,180,,100.0%,100.0%,80.0%,12,5.0
颐和文园85平（独享 1室1厅1厨1卫）（近 华北三期 、14中学 迎宾小学,"
                颐和文园85平（独享 1室1厅1厨1卫）（近 华北三期 、14中学 迎宾小学
            ",100%,50 晚,普通公寓,1室1厅,整租,双人床,1张,2人,1,86平米,提供,沧州-运河区-解放西路与幸福街交叉路口往西南约210米-颐和文园,沧州,运河区,"['无线WIFI', '电视', '淋浴', '空调', '暖气', '洗衣机', '电冰箱', '毛巾', '拖鞋', '热水壶', '电梯', '保安', '餐具炊具', '电吹风', '接待老人60岁以上', '接待外宾', '被子', '有窗户', '落地窗', '沙发', '茶几', '洗浴用品', '牙具', '香皂', '电磁炉', '电饭煲']",,,0,,156,,100.0%,100.0%,80.0%,12,5.0
温馨 曹姐民宿，WIFI覆盖 24小时热,"
                照片 实景拍摄，真实有效 干净整洁。落地阳台，全天 到第二天中午12点，24小时热水 Wi-Fi覆盖 可做饭 洗漱用品齐全 床品一客一换 可做饭哦 提供厨具和简单调料，位于运河区 老华北南 ，临近 沧州商城 颐和商城 天一手机卖场 楼下是小吃一条街，个个商场距离 都不超过300米，是走亲访友 出差旅游的 优选地段[愉快][愉快]
            ",100%,20 晚,酒店式公寓,1室0厅,整租,双人床,1张,2人,1,63平米,提供,沧州-运河区-广场街附近-恒顺世纪中心,沧州,运河区,"['无线WIFI', '电视', '淋浴', '空调', '洗衣机', '电冰箱', '厨房', '毛巾', '拖鞋', '热水壶', '电梯', '保安', '对讲门禁', '餐具炊具', '电吹风', '接待儿童2到12岁', '接待婴幼儿2岁以下', '接待老人60岁以上', '被子', '泳池', '有窗户', '落地窗', '洗浴用品', '牙具', '刀具菜板', '洗涤用品', '电磁炉', '电饭煲']",,,0,,156,,100.0%,100.0%,80.0%,12,5.0
运河区/近 华北商厦 火车站 各大商场电影院（四大商超 南湖 人民公园、都 老近了,"
                运河区/近 华北商厦 火车站 各大商场电影院（四大商超 南湖 人民公园、都 老近了
            ",100%,20 晚,酒店式公寓,1室0厅,整租,双人床,1张,2人,1,63平米,提供,沧州-运河区-广场街附近-恒顺世纪中心,沧州,运河区,"['无线WIFI', '电视', '淋浴', '空调', '洗衣机', '电冰箱', '厨房', '毛巾', '拖鞋', '热水壶', '电梯', '保安', '对讲门禁', '餐具炊具', '电吹风', '接待儿童2到12岁', '接待婴幼儿2岁以下', '接待老人60岁以上', '被子', '泳池', '有窗户', '落地窗', '茶几', '洗浴用品', '牙具', '香皂', '刀具菜板', '洗涤用品', '电磁炉', '电饭煲', '灭火器']",,,0,,173,,100.0%,100.0%,80.0%,12,5.0
落地窗— 投影仪大床房（近 5分钟内可到达、颐和商城 信誉楼 老华北 火车站），清风楼 中医院,"
                大落地窗尽享广阔视野和温暖阳光，有电梯/低层无电梯，免爬楼之苦，养足精力开启旅途，有洗衣机，解放双手，造型每天换，可做饭，在外也可以品尝家的味道，洗漱用品齐全，清爽卫生，旅行无忧，提供电热水壶，在外也要随时养生，有电视，热播综艺热播剧紧追不断档，有冰箱，美食放心购，全天保鲜无休，
            ",100%,20 晚,酒店式公寓,1室1厅,整租,双人床,1张,2人,1,63平米,提供,沧州-运河区-广场街附近-恒顺世纪中心,沧州,运河区,"['无线WIFI', '电视', '淋浴', '空调', '洗衣机', '电冰箱', '厨房', '毛巾', '拖鞋', '热水壶', '电梯', '保安', '对讲门禁', '餐具炊具', '电吹风', '接待儿童2到12岁', '接待婴幼儿2岁以下', '接待老人60岁以上', '被子', '泳池', '有窗户', '落地窗', '茶几', '洗浴用品', '牙具', '香皂', '刀具菜板', '洗涤用品', '电磁炉', '电饭煲', '灭火器']",近火车站,,0,,153,,100.0%,100.0%,80.0%,12,5.0
百合世嘉 精装 紧邻县医院 两室位于南门东南排交通便利,"
                百合世嘉 精装 紧邻县医院 两室位于南门东南排交通便利
            ",100%,18 晚,小区住宅,2室2厅,整租,双人床,2张,4人,1,80平米,提供,沧州-新华区-黄河东路-百合世嘉,沧州,新华区,"['宽带上网', '无线WIFI', '电视', '淋浴', '空调', '暖气', '洗衣机', '电冰箱', '全天热水', '毛巾', '拖鞋', '热水壶', '电梯', '保安', '餐具炊具', '电吹风', '允许抽烟', '接待儿童2到12岁', '接待婴幼儿2岁以下', '接待老人60岁以上', '有窗户', '沙发', '茶几', '洗浴用品', '牙具', '香皂', '刀具菜板', '调料', '洗涤用品', '燃气灶']",百合世嘉 精装 紧邻县医院 两室位于南门东南排交通便利,百合世嘉 精装 紧邻县医院 两室位于南门东南排交通便利,0,,218,,100.0%,100.0%,100.0%,2,5.0
运茂小区精装三室紧邻意明火车站，周边配套齐全欢迎入住,"
                运茂小区精装三室紧邻意明火车站，周边配套齐全欢迎入住
            ",100%,20 晚,小区住宅,3室2厅,整租,"双人床
单人床",3张,5人,1,96平米,提供,沧州-新华区-交通北大街-运茂小区,沧州,新华区,"['宽带上网', '无线WIFI', '电视', '淋浴', '空调', '暖气', '洗衣机', '电冰箱', '全天热水', '毛巾', '拖鞋', '热水壶', '对讲门禁', '餐具炊具', '电吹风', '允许抽烟', '接待儿童2到12岁', '接待婴幼儿2岁以下', '新风系统', '有窗户', '沙发', '茶几', '洗浴用品', '牙具', '香皂', '刀具菜板', '调料', '洗涤用品', '燃气灶', '电磁炉', '电饭煲', '微波炉']",运茂小区精装三室紧邻意明火车站，周边配套齐全欢迎入住,运茂小区精装三室紧邻意明火车站，周边配套齐全欢迎入住,0,,218,,100.0%,100.0%,100.0%,2,5.0
现代简约温馨两居公寓,"
                近邻明珠商贸城，好停车出入方便，南北通透户型，24小时热水供应,wifi网络，全新电视、空调、冰箱、炉罩吸油烟机，一次性用品干净卫生设施齐全，平民的价格，高端的享受，是情侣小憩，朋友聚会，居家旅行的不二选择。
            ",100%,16 晚,小区住宅,2室1厅,整租,"双人床
榻榻米",2张,2人,1,90平米,提供,沧州-运河区-弘仁里-弘仁里,沧州,运河区,"['宽带上网', '无线WIFI', '电视', '淋浴', '空调', '暖气', '洗衣机', '电冰箱', '全天热水', '毛巾', '拖鞋', '热水壶', '电梯', '保安', '餐具炊具', '允许抽烟', '接待儿童2到12岁', '接待婴幼儿2岁以下', '接待老人60岁以上', '接待外宾', '有窗户', '沙发', '茶几', '洗浴用品', '牙具', '香皂', '洗涤用品', '燃气灶', '灭火器', '花园', '观景露台']",小区门口有多家超市购物方便，还有一家串说烧烤店味道非常好。,,0,,158,,100.0%,100.0%,100.0%,4,5.0
商务观影房壹三零二,"
                商务观影房壹三零二
            ",100%,26 晚,酒店式公寓,1室0厅,整租,双人床,1张,2人,1,50平米,提供,沧州-任丘市-会战北道东50米-京南互联网大厦,沧州,任丘市,"['无线WIFI', '淋浴', '空调', '暖气', '电冰箱', '厨房', '毛巾', '拖鞋', '热水壶', '电梯', '保安', '对讲门禁', '餐具炊具', '电吹风', '智能门锁', '接待儿童2到12岁', '接待婴幼儿2岁以下', '接待老人60岁以上', '被子', '泳池', '有窗户', '沙发', '茶几', '洗浴用品', '牙具', '香皂', '刀具菜板', '燃气灶', '麻将机', '投影设备', '灭火器']",,,0,,183,,100.0%,100.0%,90.6%,40,4.992
赛特公寓12-盛世郡二室二厅,"
                此套公寓装修浪漫温馨，公寓其中包含2间卧室（真皮双人软床）可以睡觉，1间棋牌室，巨幕影院，看电影更嗨，带独立厨房油盐酱醋等调料，锅碗盆，刀具，菜板（免费提供），40寸乐视超级电视，冰箱，格力立式空调，按摩淋浴，24小时热水，屈臣氏洗护用品（免费），有停车位、WIFI。
最便捷的服务：一个电话，快捷入住、退房
支付宝、微信、信用卡、银联卡…快捷支付

赛特公寓，任丘**酒店式公寓！房源遍布任丘各大小区。独立厨房，棋牌室，健身房，太空舱按摩椅等应有尽有。适合商务接待，朋友聚会，招待亲友等，用普通宾馆的价格，享受整套公寓的奢华！
            ",100%,48 晚,酒店式公寓,2室2厅,整租,双人床,2张,4人,2,120平米,提供,沧州-任丘市-会战道与裕华路交叉口西南角(政府南邻)-盛世郡,沧州,任丘市,"['无线WIFI', '电视', '淋浴', '空调', '暖气', '洗衣机', '电冰箱', '厨房', '毛巾', '拖鞋', '热水壶', '电梯', '餐具炊具', '电吹风', '智能门锁', '接待儿童2到12岁', '接待婴幼儿2岁以下', '接待老人60岁以上', '被子', '泳池', '有窗户', '空气净化器', '洗浴用品', '牙具', '香皂', '刀具菜板', '调料', '洗涤用品', '燃气灶', '麻将机', '投影设备']",,,0,,306,,100.0%,100.0%,90.6%,40,4.992
行政公寓25号,"
                行政公寓25号
            ",100%,20 晚,酒店式公寓,3室1厅,整租,双人床,3张,6人,2,150平米,提供,沧州-任丘市-会战北道西-盛世郡,沧州,任丘市,"['无线WIFI', '电视', '淋浴', '空调', '暖气', '洗衣机', '电冰箱', '厨房', '毛巾', '拖鞋', '热水壶', '电梯', '保安', '对讲门禁', '餐具炊具', '电吹风', '智能门锁', '接待儿童2到12岁', '接待婴幼儿2岁以下', '接待老人60岁以上', '被子', '泳池', '有窗户', '洗浴用品', '牙具', '香皂', '刀具菜板', '调料', '洗涤用品', '燃气灶', '麻将机', '灭火器']",,,0,,318,,100.0%,100.0%,90.6%,40,4.992
赛特公寓13-中华瑞鑫二室二厅,"
                此套公寓装修浪漫温馨，二室二厅，2间卧室（真皮双人软床），带独立厨房，锅碗盆，刀具，菜板（免费提供）调料需自备，50寸乐视超级电视+40寸乐视超级电视，冰箱，格力立式空调，24小时热水，屈臣氏洗护用品（免费），有停车位、WIFI。
最便捷的服务：一个电话，快捷入住、退房
支付宝、微信、信用卡、银联卡…快捷支付押金
赛特公寓，任丘**酒店式公寓！可日租，房源遍布任丘各大小区。独立厨房，棋牌室，太空舱按摩椅，应有尽有。适合商务接待，朋友聚会，招待亲友等，用普通宾馆的价格，享受整套公寓的奢华！通宾馆的价格，享受整套公寓的奢华！
            ",100%,22 晚,酒店式公寓,2室2厅,整租,"双人床
双人床",2张,4人,2,120平米,提供,沧州-任丘市-中华西路8号-中华瑞鑫,沧州,任丘市,"['无线WIFI', '电视', '淋浴', '空调', '暖气', '电冰箱', '毛巾', '拖鞋', '热水壶', '电梯', '保安', '对讲门禁', '餐具炊具', '电吹风', '智能门锁', '接待儿童2到12岁', '接待婴幼儿2岁以下', '接待老人60岁以上', '被子', '泳池', '有窗户', '空气净化器', '洗浴用品', '牙具', '香皂', '刀具菜板', '调料', '洗涤用品', '电磁炉']",,,0,,249,,100.0%,100.0%,90.6%,40,4.992
苇浮•京南互联网大厦,"
                房源配有智能门锁，轻松完成自助入住，可在沙发上恣意葛优瘫，有电梯/低层无电梯，免爬楼之苦，养足精力开启旅途，房源设施齐全，洗漱用品齐全，不要你大包小包，超大客厅，聚会游戏办公随时随地
            ",100%,24 晚,酒店式公寓,1室0厅,整租,双人床,1张,2人,1,55平米,提供,沧州-任丘市-京南互联网大厦,沧州,任丘市,"['无线WIFI', '电视', '淋浴', '空调', '暖气', '毛巾', '拖鞋', '电梯', '智能门锁', '接待老人60岁以上', '接待外宾', '被子', '有窗户', '沙发', '茶几', '牙具']",,,0,,151,,100.0%,70.0%,100.0%,5,4.94
晓清A13绿色家居大两室,"
                标准两居，新房新床新被褥新家电新装修。豪华装修，高档温馨特别舒适干净卫生，空调，冰箱，洗衣机，液晶电视，Wi-Fi五星级酒店家纺床上用品，一次性洗浴用品，24小时热水淋浴，独立整体厨房可做饭，锅碗瓢盆调料一应俱全。小区住户少，安静舒适。适合商务接待，朋友聚会，全家出游，情侣约会。
            ",100%,18 晚,普通公寓,2室2厅,整租,双人床,2张,4人,1,103平米,提供,沧州-运河区-海河西路-嘉禾一方花园,沧州,运河区,"['无线WIFI', '电视', '淋浴', '空调', '暖气', '洗衣机', '电冰箱', '毛巾', '拖鞋', '热水壶', '电梯', '保安', '对讲门禁', '餐具炊具', '电吹风', '接待儿童2到12岁', '接待婴幼儿2岁以下', '接待老人60岁以上', '接待外宾', '被子', '泳池', '有窗户', '落地窗', '茶几', '洗浴用品', '牙具', '香皂', '调料', '电磁炉']",,,0,,263,,100.0%,100.0%,90.9%,19,4.289
晓清日租A21荣盛广场温情大两居,"
                标准两居，新房新床新被褥新家电新装修。豪华装修，房间温馨特别舒适干净卫生，空调，冰箱，洗衣机，液晶电视，Wi-Fi，水星家纺床上用品，一次性洗浴用品，24小时热水淋浴，独立整体厨房可做饭，锅碗瓢盆调料一应俱全。小区住户少，安静舒适。适合商务接待，朋友聚会，全家出游，情侣约会
            ",100%,20 晚,普通公寓,2室1厅,整租,"双人床
双人床",2张,4人,1,93平米,提供,沧州-运河区-永安南大道-凤凰城-B区,沧州,运河区,"['无线WIFI', '电视', '淋浴', '空调', '暖气', '洗衣机', '电冰箱', '厨房', '毛巾', '拖鞋', '热水壶', '电梯', '保安', '餐具炊具', '电吹风', '智能门锁', '接待儿童2到12岁', '接待婴幼儿2岁以下', '接待老人60岁以上', '被子', '有窗户', '沙发', '茶几', '洗浴用品', '牙具', '香皂', '刀具菜板', '调料', '燃气灶', '灭火器']",小区位于荣盛购物广场附近，距离高铁站，西高速口均在10分种车程内。交通便利，停车方便。,,0,,262,,100.0%,100.0%,90.9%,19,4.289
晓清日租A19阳光房近西客站明珠商贸,"
                小区位于明珠商贸附近，距离高铁站，西高速口北高速口均在10分种车程内。交通便利，停车方便。新房新床新被褥新家电新装修。豪华装修，房间温馨特别舒适干净卫生，空调，冰箱，洗衣机，液晶电视，Wi-Fi，水星家纺床上用品，一次性洗浴用品，24小时热水淋浴，小区住户少，安静舒适。适合商务接待，朋友聚会，全家出游，情侣约会。
            ",100%,36 晚,普通公寓,1室0厅,整租,双人床,1张,2人,1,59平米,提供,沧州-运河区-小王庄镇五七新村西区规划路-泰大国际家居广场,沧州,运河区,"['无线WIFI', '电视', '淋浴', '空调', '暖气', '厨房', '毛巾', '拖鞋', '热水壶', '电梯', '保安', '餐具炊具', '电吹风', '智能门锁', '接待儿童2到12岁', '接待婴幼儿2岁以下', '接待老人60岁以上', '被子', '有窗户', '落地窗', '沙发', '茶几', '洗浴用品', '牙具', '香皂', '调料', '洗涤用品', '燃气灶', '灭火器']",临近名人植物园，狮城公园，小吃街，荣盛购物广场，距离高铁站，北高速路口，西高速口均在10分种车程内。交通便利，停车方便，地下停车场知道房间楼层。,,0,,151,,100.0%,100.0%,90.9%,19,4.289
晓清吧A18投影大床房近西客站明珠商贸城,"
                标新房新床新被褥新家电新装修。豪华装修，房间温馨特别舒适干净卫生，空调，洗衣机，投影，Wi-Fi，水星家纺床上用品，一次性洗浴用品，24小时热水淋浴，小区住户少，安静舒适。适合商务接待，朋友聚会，全家出游，情侣约会
            ",35%,49 晚,普通公寓,1室0厅,整租,双人床,1张,2人,1,62平米,提供,沧州-运河区-迎宾大道与永济西路交叉口北400米路东-保利花园学府里,沧州,运河区,"['无线WIFI', '电视', '淋浴', '空调', '暖气', '毛巾', '拖鞋', '热水壶', '电梯', '保安', '对讲门禁', '电吹风', '智能门锁', '接待儿童2到12岁', '接待婴幼儿2岁以下', '接待老人60岁以上', '接待外宾', '被子', '有窗户', '落地窗', '沙发', '茶几', '洗浴用品', '牙具', '香皂', '洗涤用品', '投影设备', '灭火器']",,,1," 总体来说非常不值  但卫生还可以
订房间就是因为这个有投影
结果投影歪到天花板上 
问房东怎么办 房东的意思是以前房客总掰这个就松了 现在没什么办法解决 
空调不能开  据说是遥控器坏了
厕所的水箱也是坏的 需要把上面的盖子拿下来才能按那个出水键
没投影没空调上个厕所还费劲
性价比极低  做日租房还拿投影当噱头的话还是把这些基础设施修修吧",133,1.8,100.0%,100.0%,90.9%,19,4.289
晓清日租A20温馨小窝近明珠商贸城西客站,"
                小区位于明珠商贸附近，距离高铁站，西高速口北高速口均在10分种车程内。交通便利，停车方便。新房新床新被褥新家电新装修。豪华装修，房间温馨特别舒适干净卫生，空调，冰箱，洗衣机，液晶电视，Wi-Fi，水星家纺床上用品，一次性洗浴用品，24小时热水淋浴，小区住户少，安静舒适。适合商务接待，朋友聚会，全家出游，情侣约会。
            ",100%,36 晚,普通公寓,1室0厅,整租,双人床,1张,2人,1,58平米,提供,沧州-运河区-小王庄镇五七新村西区规划路-泰大国际家居广场,沧州,运河区,"['无线WIFI', '电视', '淋浴', '空调', '暖气', '洗衣机', '毛巾', '拖鞋', '热水壶', '电梯', '保安', '餐具炊具', '电吹风', '智能门锁', '接待儿童2到12岁', '接待婴幼儿2岁以下', '接待老人60岁以上', '被子', '有窗户', '落地窗', '沙发', '茶几', '洗浴用品', '牙具', '香皂', '刀具菜板', '调料', '洗涤用品', '电磁炉', '灭火器']",临近名人植物园，狮城公园，小吃街，荣盛购物广场，距离高铁站，北高速路口，西高速口均在10分种车程内。交通便利，停车方便，地下停车场直达房间楼层。,,0,,135,,100.0%,100.0%,90.9%,19,4.289
悦港城附近温馨温暖家园,"
                进口净水器  家具家电齐全  可以做饭  交通便利拎包入住  出入方便  小区里免费停车！装修风格独特
            ",100%,18 晚,小区住宅,3室0厅,整租,"双人床
双人床
双人床",3张,6人,2,110平米,提供,沧州-运河区-赵庄西街-鑫达康居园,沧州,运河区,"['宽带上网', '无线WIFI', '淋浴', '空调', '洗衣机', '电冰箱', '全天热水', '毛巾', '拖鞋', '热水壶', '餐具炊具', '电吹风', '允许抽烟', '允许携带宠物', '接待婴幼儿2岁以下', '接待老人60岁以上', '有窗户', '茶几', '净水机', '洗浴用品', '牙具', '香皂', '刀具菜板', '调料', '洗涤用品', '燃气灶']",,,0,,248,,100.0%,100.0%,80.0%,9,4.444
悦港城附近舒适房/沧州市第十中学,"
                家具家电齐全，小区环境好，环境优雅，亭台楼阁绿树环绕！
            ",100%,18 晚,小区住宅,3室1厅,单间,双人床,1张,2人,1,25平米,提供,沧州-运河区-九河西路-信友城市之光小区,沧州,运河区,"['宽带上网', '无线WIFI', '淋浴', '空调', '洗衣机', '电冰箱', '全天热水', '毛巾', '拖鞋', '热水壶', '餐具炊具', '电吹风', '允许抽烟', '允许携带宠物', '接待婴幼儿2岁以下', '接待老人60岁以上', '有窗户', '沙发', '茶几', '洗浴用品', '牙具', '香皂', '刀具菜板', '调料', '洗涤用品', '燃气灶']",,,0,,248,,100.0%,100.0%,80.0%,9,4.444
沧州    曹姐家庭 日租    可做饭,"
                照片 实景拍摄，真实有效 干净整洁。落地阳台，24小时热水 Wi-Fi覆盖 可做饭 洗漱用品齐全 床品一客一换 可做饭哦 提供厨具和简单调料，位于运河区 老华北南 ，临近 沧州商城 颐和商城 天一手机卖场 楼下是小吃一条街，个个商场距离 都不超过300米，是走亲访友 出差旅游的 优选地段[愉快][愉快]
            ",100%,64 晚,普通公寓,1室0厅,整租,双人床,1张,2人,1,63平米,提供,沧州-运河区-广场街与光荣路交叉路口往东北约200米(恒顺世纪中心),沧州,运河区,"['无线WIFI', '电视', '淋浴', '空调', '洗衣机', '电冰箱', '厨房', '毛巾', '拖鞋', '热水壶', '电梯', '保安', '对讲门禁', '餐具炊具', '电吹风', '接待儿童2到12岁', '接待婴幼儿2岁以下', '接待老人60岁以上', '被子', '有窗户', '落地窗', '茶几', '洗浴用品', '牙具', '香皂', '刀具菜板', '调料', '洗涤用品', '电磁炉', '电饭煲']",,,0,,157,,100.0%,100.0%,80.0%,12,5.0
曹姐 —清雅大床房（近古建 清风楼 、大运河、华北商厦 信誉楼 南湖公园 .,"
                照片 实景拍摄，真实有效 干净整洁。落地阳台，全天 到第二天中午12点，24小时热水 Wi-Fi覆盖 
：：可做饭 (蒸锅 火锅 电饭锅 ）（有需要，提前沟通 ）尽可能的提供,给您带来出行方便，洗漱用品齐全 床品一客一换 可做饭哦 提供厨具和简单调料，
   位于运河区 老华北南 ，临近 沧州商城 颐和商城 天一手机卖场 楼下是小吃一条街，个个商场距离 都不超过300米， 
   附近；有人民公园 南湖公园，古建筑清风楼 大运河.....是走亲访友 出差旅游的 优选地段[愉快][愉快]
            ",100%,64 晚,酒店式公寓,1室0厅,整租,双人床,1张,2人,1,63平米,提供,沧州-运河区-广场街与光荣路交叉路口往东北约200米(恒顺世纪中心),沧州,运河区,"['无线WIFI', '电视', '淋浴', '空调', '暖气', '洗衣机', '电冰箱', '厨房', '毛巾', '拖鞋', '热水壶', '电梯', '保安', '餐具炊具', '电吹风', '智能门锁', '接待儿童2到12岁', '接待婴幼儿2岁以下', '接待老人60岁以上', '被子', '有窗户', '落地窗', '沙发', '茶几', '洗浴用品', '牙具', '香皂', '刀具菜板', '洗涤用品', '电磁炉', '电饭煲', '灭火器']","运河区恒顺世纪中心2号楼
        楼下有百汇超市，步行。50米左右 上海广场 颐和商场 沧州商城，150 米左右 可到达 信誉楼、老华北商厦 。
房源距离 南湖公园 150米左右
        楼下有百汇超市，步行。50米左右 上海广场 颐和商场 沧州商城，150 米左右 可到达 信誉楼、老华北商厦 。
房源距离 南湖公园 150米左右",,0,,153,,100.0%,100.0%,80.0%,12,5.0
曹姐—【阳光落地窗 大床）近古建大运河 清风楼，南湖公园350米内、各大商场，电影院  学校  火车,"
                照片 实景拍摄， 多个房间 可供选择，真实有效 干净整洁。落地阳台，24小时热水 Wi-Fi覆盖 可做饭 洗漱用品齐全 床品一客一换 可做饭哦 提供厨具和简单调料，位于运河区 老华北南 ，临近 沧州商城 颐和商城 天一手机卖场 楼下是小吃一条街，个个商场距离 都不超过300米，是走亲访友 出差旅游的 优选地段[愉快][愉快]
            ",100%,64 晚,普通公寓,1室0厅,整租,双人床,1张,2人,1,63平米,提供,沧州-运河区-广场街与光荣路交叉路口往东北约200米(恒顺世纪中心),沧州,运河区,"['宽带上网', '无线WIFI', '电视', '淋浴', '空调', '洗衣机', '电冰箱', '全天热水', '毛巾', '拖鞋', '热水壶', '电梯', '保安', '餐具炊具', '电吹风', '允许抽烟', '允许携带宠物', '接待儿童2到12岁', '接待婴幼儿2岁以下', '接待老人60岁以上', '接待外宾', '有窗户', '落地窗', '沙发', '茶几', '洗浴用品', '牙具', '香皂', '刀具菜板', '调料', '洗涤用品', '燃气灶', '电磁炉', '电饭煲', '灭火器']",,,0,,154,,100.0%,100.0%,80.0%,12,5.0
曹姐—（落地窗阳面1.8大床房】老华北 、颐和商场 、小吃一条街 ，私人影院，中心医院 火车站,"
                照片 实景拍摄，真实有效 干净整洁。落地阳台，全天 到第二天中午12点，24小时热水 Wi-Fi覆盖 可做饭 (蒸锅 火锅 电饭锅 ）（有需要，提前沟通 ）尽可能的提供,给您带来出行方便，洗漱用品齐全 床品一客一换 可做饭哦 提供厨具和简单调料，
   位于运河区 老华北南 ，临近 沧州商城 颐和商城 天一手机卖场 楼下是小吃一条街，个个商场距离 都不超过300米， 
   附近；有人民公园 南湖公园，古建筑清风楼 大运河.....是走亲访友 出差旅游的 优选地段[愉快][愉快]
            ",100%,64 晚,酒店式公寓,1室0厅,整租,双人床,1张,2人,1,63平米,提供,沧州-运河区-广场街与光荣路交叉路口往东北约200米(恒顺世纪中心),沧州,运河区,"['宽带上网', '无线WIFI', '电视', '淋浴', '空调', '暖气', '洗衣机', '电冰箱', '全天热水', '毛巾', '拖鞋', '热水壶', '电梯', '保安', '对讲门禁', '餐具炊具', '电吹风', '允许抽烟', '允许携带宠物', '接待儿童2到12岁', '接待婴幼儿2岁以下', '接待老人60岁以上', '接待外宾', '有窗户', '落地窗', '沙发', '茶几', '洗浴用品', '牙具', '香皂', '刀具菜板', '洗涤用品', '燃气灶', '电磁炉', '电饭煲', '灭火器']",,,0,,149,,100.0%,100.0%,80.0%,12,5.0
悦港城南侧/南环小学/第十中学,"
                小区里免费停车  进口净水器可以做饭洗衣服洗澡24小时热水
            ",100%,26 晚,小区住宅,3室1厅,单间,双人床,1张,2人,2,38平米,提供,沧州-运河区-运河区赵庄西街。-鑫达康居园,沧州,运河区,"['宽带上网', '无线WIFI', '淋浴', '空调', '洗衣机', '电冰箱', '全天热水', '毛巾', '拖鞋', '热水壶', '餐具炊具', '电吹风', '允许抽烟', '允许携带宠物', '接待婴幼儿2岁以下', '接待老人60岁以上', '有窗户', '茶几', '净水机', '洗浴用品', '牙具', '香皂', '刀具菜板', '洗涤用品', '燃气灶']",,,0,,248,,100.0%,100.0%,80.0%,9,4.444
第十中学/南环小学/悦港城/大床房,"
                进口净水器。小区里面可以停车。悦港城南侧。进出小区方便
            ",100%,18 晚,小区住宅,3室0厅,单间,双人床,1张,2人,1,29平米,提供,沧州-运河区-赵庄西街-鑫达康居园,沧州,运河区,"['无线WIFI', '淋浴', '空调', '暖气', '洗衣机', '电冰箱', '全天热水', '毛巾', '拖鞋', '热水壶', '餐具炊具', '允许抽烟', '允许携带宠物', '接待婴幼儿2岁以下', '接待老人60岁以上', '接待外宾', '有窗户', '净水机', '洗浴用品', '牙具', '香皂', '刀具菜板', '洗涤用品', '燃气灶']",,,0,,248,,100.0%,100.0%,80.0%,9,4.444
北欧风格两室超大床房,"
                北欧风 超大床房 独立卫生间给你家的感觉 舒适体验
            ",100%,18 晚,小区复式跃层,2室1厅,整租,双人床,2张,4人,1,50平米,提供,沧州-献县-政府南小街-鸿盛家园北门对面,沧州,献县,"['无线WIFI', '淋浴', '空调', '暖气', '全天热水', '毛巾', '拖鞋', '热水壶', '电吹风', '智能门锁', '接待儿童2到12岁', '有窗户', '沙发', '茶几', '洗浴用品', '牙具', '香皂', '燃气灶']",临近中医院 县医院 泰昌购物广场 信誉楼 交通便利。  距文化广场400米 龙岗公园1500米 单桥石桥6公里。    温泉水乐园3.5公里 教堂天主教2公里 出门公交站,高德地图搜索鸿盛家园北门,0,,188,,100.0%,100.0%,100.0%,1,5.0
赛特巨幕观影房1416京南,"
                极米120寸巨幕影院，真皮软床，厨房可做饭，锅具一应俱全，调料需自备
最便捷的服务： 一个电话，网络转账，输入密码，快捷入住、退房 支付宝、微信、信用卡、银联卡…快捷支付
            ",100%,26 晚,酒店式公寓,1室0厅,整租,双人床,1张,2人,1,40平米,提供,沧州-任丘市-会战北道东50米-京南互联网大厦,沧州,任丘市,"['无线WIFI', '淋浴', '空调', '暖气', '电冰箱', '厨房', '毛巾', '拖鞋', '热水壶', '电梯', '保安', '对讲门禁', '餐具炊具', '电吹风', '智能门锁', '接待儿童2到12岁', '接待婴幼儿2岁以下', '接待老人60岁以上', '被子', '泳池', '有窗户', '空气净化器', '洗浴用品', '牙具', '香皂', '调料', '洗涤用品', '电磁炉', '卡拉OK', '音响设备']",,,0,,138,,100.0%,100.0%,90.6%,40,4.992
赛特巨幕观影房1418京南,"
                极米120寸巨幕影院，真皮软床，厨房可做饭，锅具一应俱全，调料需自备
最便捷的服务： 一个电话，网络转账，输入密码，快捷入住、退房 支付宝、微信、信用卡、银联卡…快捷支付

            ",100%,26 晚,酒店式公寓,1室0厅,整租,双人床,1张,2人,1,40平米,提供,沧州-任丘市-会战北道东50米-京南互联网大厦,沧州,任丘市,"['无线WIFI', '淋浴', '空调', '暖气', '电冰箱', '厨房', '毛巾', '拖鞋', '热水壶', '电梯', '保安', '对讲门禁', '餐具炊具', '电吹风', '智能门锁', '接待儿童2到12岁', '接待婴幼儿2岁以下', '接待老人60岁以上', '被子', '泳池', '有窗户', '空气净化器', '洗浴用品', '牙具', '香皂', '调料', '洗涤用品', '电磁炉', '卡拉OK', '音响设备']",,,0,,138,,100.0%,100.0%,90.6%,40,4.992
赛特情侣观影房666京南,"
                极米150寸巨幕影院，真皮软床，厨房可做饭，锅具一应俱全
最便捷的服务： 一个电话，网络转账，输入密码，快捷入住、退房 支付宝、信用卡、银联卡…快捷支付
            ",100%,26 晚,酒店式公寓,1室0厅,整租,双人床,1张,2人,1,40平米,提供,沧州-任丘市-会战北道东50米-京南互联网大厦,沧州,任丘市,"['无线WIFI', '淋浴', '空调', '暖气', '电冰箱', '厨房', '毛巾', '拖鞋', '热水壶', '电梯', '保安', '对讲门禁', '餐具炊具', '电吹风', '智能门锁', '接待儿童2到12岁', '接待婴幼儿2岁以下', '接待老人60岁以上', '被子', '泳池', '有窗户', '空气净化器', '洗浴用品', '牙具', '香皂', '调料', '洗涤用品', '电磁炉', '卡拉OK', '音响设备']",,,0,,168,,100.0%,100.0%,90.6%,40,4.992
赛特公寓NO.18-富丽花园三室二厅,"
                此套公寓装修浪漫温馨，三室一厅，3间卧室（欧式双人软床），带独立厨房油盐酱醋等调料，锅碗盆，刀具，菜板（免费提供），50寸乐视超级电视+40寸乐视超级电视，冰箱，美的立式空调，24小时热水，屈臣氏洗护用品（免费），有停车位、WIFI。
最便捷的服务：一个电话，快捷入住、退房
支付宝、微信、信用卡、银联卡…快捷支付
赛特公寓，任丘**酒店式公寓！可日租，房源遍布任丘各大小区。棋牌室，健身房，太空舱按摩椅，应有尽有。适合商务接待，朋友聚会，招待亲友等，用普通宾馆的价格，享受整套公寓的奢华！通宾馆的价格，享受整套公寓的奢华！
            ",100%,18 晚,酒店式公寓,3室1厅,整租,双人床,3张,6人,2,150平米,提供,沧州-任丘市-渤海中路-富丽花园小区,沧州,任丘市,"['无线WIFI', '电视', '淋浴', '空调', '暖气', '洗衣机', '电冰箱', '厨房', '毛巾', '拖鞋', '热水壶', '电梯', '保安', '对讲门禁', '餐具炊具', '电吹风', '智能门锁', '接待儿童2到12岁', '接待婴幼儿2岁以下', '接待老人60岁以上', '被子', '泳池', '有窗户', '空气净化器', '洗浴用品', '牙具', '香皂', '刀具菜板', '调料', '洗涤用品', '微波炉', '音响设备']",,,0,,358,,100.0%,100.0%,90.6%,40,4.992
赛特中式观影2206京南,"
                赛特酒店公寓秉承传统文化 
纯实木演绎中华五千年的文化底蕴 
追求入住的精致、含蓄、高贵、儒雅与低调
精选泰国优质乳胶床垫&乳胶枕
大自然的恩惠给您舒适健康的睡眠体验
带独立厨房,锅碗盆，刀具，菜板（免费提供）调料需自备，50寸乐视超级电视+40寸乐视超级电视，冰箱，美的立式空调，24小时热水，屈臣氏洗护用品（免费），有停车位、WIFI。
最便捷的服务：一个电话，快捷入住、退房
支付宝、微信、信用卡、银联卡…快捷支付
赛特公寓，任丘**酒店式公寓！可日租，房源遍布任丘各大小区。棋牌室，健身房，太空舱按摩椅，应有尽有。适合商务接待，朋友聚会，招待亲友等，用普通宾馆的价格，享受整套公寓的奢华！
            ",100%,26 晚,酒店式公寓,1室1厅,整租,双人床,1张,2人,1,60平米,提供,沧州-任丘市-会战北道东50米-京南互联网大厦,沧州,任丘市,"['无线WIFI', '淋浴', '空调', '暖气', '毛巾', '拖鞋', '热水壶', '电梯', '保安', '对讲门禁', '餐具炊具', '电吹风', '智能门锁', '接待儿童2到12岁', '接待婴幼儿2岁以下', '接待老人60岁以上', '被子', '泳池', '有窗户', '空气净化器', '洗浴用品', '牙具', '香皂', '刀具菜板', '调料', '燃气灶', '微波炉', '音响设备']",,,0,,168,,100.0%,100.0%,90.6%,40,4.992
赛特情侣观影京南,"
                赛特酒店公寓秉承传统文化 
纯实木演绎中华五千年的文化底蕴 
追求入住的精致、含蓄、高贵、儒雅与低调
精选泰国优质乳胶床垫&乳胶枕
大自然的恩惠给您舒适健康的睡眠体验
带独立厨房，锅碗盆，刀具，菜板（免费提供）调料需自备，50寸乐视超级电视+40寸乐视超级电视，冰箱，美的立式空调，24小时热水，屈臣氏洗护用品（免费），有停车位、WIFI。
最便捷的服务：一个电话，快捷入住、退房
支付宝、微信、信用卡、银联卡…快捷支付
赛特公寓，任丘**酒店式公寓！可日租，房源遍布任丘各大小区。棋牌室，健身房，太空舱按摩椅，应有尽有。适合商务接待，朋友聚会，招待亲友等，用普通宾馆的价格，享受整套公寓的奢华！
            ",100%,26 晚,酒店式公寓,1室0厅,整租,双人床,1张,2人,1,60平米,提供,沧州-任丘市-会战北道东50米-京南互联网大厦,沧州,任丘市,"['无线WIFI', '淋浴', '空调', '暖气', '毛巾', '拖鞋', '热水壶', '电梯', '保安', '对讲门禁', '电吹风', '智能门锁', '接待儿童2到12岁', '接待婴幼儿2岁以下', '接待老人60岁以上', '被子', '泳池', '有窗户', '茶几', '空气净化器', '洗浴用品', '牙具', '卡拉OK', '音响设备']",,,0,,168,,100.0%,100.0%,90.6%,40,4.992
京南特价房17,"
                极米43寸电视，柔软舒适真皮方床，独立卫生间，24小时热水
最便捷的服务： 一个电话，网络转账，输入密码，快捷入住、退房 支付宝、微信、信用卡、银联卡…快捷支付

            ",100%,26 晚,酒店式公寓,1室0厅,整租,双人床,1张,2人,1,38平米,提供,沧州-任丘市-会战北道东50米-京南互联网大厦,沧州,任丘市,"['无线WIFI', '电视', '淋浴', '暖气', '毛巾', '拖鞋', '热水壶', '电梯', '保安', '对讲门禁', '电吹风', '智能门锁', '接待儿童2到12岁', '接待婴幼儿2岁以下', '接待老人60岁以上', '被子', '泳池', '有窗户', '茶几', '空气净化器', '洗浴用品', '牙具', '音响设备']",,,0,,108,,100.0%,100.0%,90.6%,40,4.992
情侣观影房2008,"
                真皮软床，厨房可做饭，锅具一应俱全
最便捷的服务： 一个电话，网络转账，输入密码，快捷入住、退房 支付宝、微信、信用卡、银联卡…快捷支付
            ",100%,26 晚,酒店式公寓,1室0厅,整租,双人床,1张,2人,1,40平米,提供,沧州-任丘市-会战北道东50米-京南互联网大厦,沧州,任丘市,"['无线WIFI', '淋浴', '空调', '暖气', '电冰箱', '全天热水', '毛巾', '拖鞋', '热水壶', '电梯', '保安', '对讲门禁', '餐具炊具', '电吹风', '智能门锁', '允许抽烟', '接待儿童2到12岁', '接待婴幼儿2岁以下', '接待老人60岁以上', '泳池', '有窗户', '空气净化器', '洗浴用品', '牙具', '香皂', '调料', '洗涤用品', '电磁炉', '卡拉OK', '投影设备', '音响设备']",,,0,,168,,100.0%,100.0%,90.6%,40,4.992
赛特情侣观影房2411京南,"
                极米150寸巨幕影院，真皮软床，厨房可做饭，锅具一应俱全
最便捷的服务： 一个电话，网络转账，输入密码，快捷入住、退房 支付宝、微信、信用卡、银联卡…快捷支付
            ",100%,26 晚,酒店式公寓,1室0厅,整租,双人床,1张,2人,1,50平米,提供,沧州-任丘市-会战北道东50米-京南互联网大厦,沧州,任丘市,"['无线WIFI', '淋浴', '空调', '暖气', '电冰箱', '毛巾', '拖鞋', '热水壶', '电梯', '保安', '对讲门禁', '餐具炊具', '电吹风', '智能门锁', '接待儿童2到12岁', '接待婴幼儿2岁以下', '接待老人60岁以上', '被子', '泳池', '有窗户', '茶几', '空气净化器', '洗浴用品', '牙具', '香皂', '调料', '燃气灶', '卡拉OK', '音响设备']",,,0,,168,,100.0%,100.0%,90.6%,40,4.992
赛特情侣观影房1706京南,"
                极米150寸巨幕影院，真皮软床，厨房可做饭，锅具一应俱全，调料需自备。 最便捷的服务： 一个电话，网络转账，输入密码，快捷入住、退房 支付宝、微信、信用卡、银联卡…快捷支付
            ",100%,26 晚,普通公寓,1室0厅,整租,圆床,1张,2人,1,50平米,提供,沧州-任丘市-会战北道东50米-京南互联网大厦,沧州,任丘市,"['无线WIFI', '电视', '淋浴', '空调', '暖气', '电冰箱', '毛巾', '拖鞋', '热水壶', '电梯', '保安', '对讲门禁', '餐具炊具', '电吹风', '智能门锁', '接待儿童2到12岁', '接待婴幼儿2岁以下', '接待老人60岁以上', '被子', '泳池', '有窗户', '茶几', '空气净化器', '洗浴用品', '牙具', '香皂', '调料', '燃气灶', '卡拉OK', '音响设备']",,,0,,168,,100.0%,100.0%,90.6%,40,4.992
赛特公寓15-盛世郡小区二室二厅,"
                此套公寓装修浪漫温馨，公寓其中包含2间卧室（真皮双人软床）可以睡觉，带独立厨房，锅碗盆，刀具，菜板（免费提供），调料等一应俱全，50寸+40寸+40寸乐视超级电视，冰箱，格力立式空调，按摩淋浴，24小时热水，屈臣氏洗护用品（免费），有停车位、WIFI。
最便捷的服务：一个电话，快捷入住、退房
支付宝、微信、信用卡、银联卡…快捷支付押金

赛特公寓，任丘**酒店式公寓！房源遍布任丘各大小区。独立厨房，棋牌室，健身房，太空舱按摩椅等应有尽有。适合商务接待，朋友聚会，招待亲友等，用普通宾馆的价格，享受整套公寓的奢华！
            ",100%,36 晚,酒店式公寓,2室2厅,整租,双人床,2张,4人,2,120平米,提供,沧州-任丘市-会战道与裕华路交叉口西南角-盛世郡,沧州,任丘市,"['无线WIFI', '电视', '淋浴', '空调', '暖气', '电冰箱', '厨房', '毛巾', '拖鞋', '热水壶', '电梯', '保安', '对讲门禁', '餐具炊具', '电吹风', '智能门锁', '接待儿童2到12岁', '接待婴幼儿2岁以下', '接待老人60岁以上', '被子', '泳池', '有窗户', '空气净化器', '洗浴用品', '牙具', '香皂', '刀具菜板', '调料', '洗涤用品', '微波炉', '音响设备']",,,0,,298,,100.0%,100.0%,90.6%,40,4.992
赛特情侣观影房京南,"
                极米120寸巨幕影院，欧式大床，厨房可做饭，锅具一应俱全，调料需自备。
最便捷的服务： 一个电话，网络转账，输入密码，快捷入住、退房 支付宝、微信、信用卡、银联卡…快捷支付

            ",100%,26 晚,酒店式公寓,1室0厅,整租,双人床,1张,2人,1,50平米,提供,沧州-任丘市-会战北道东50米-京南互联网大厦,沧州,任丘市,"['无线WIFI', '淋浴', '空调', '暖气', '电冰箱', '厨房', '毛巾', '拖鞋', '热水壶', '电梯', '保安', '对讲门禁', '餐具炊具', '电吹风', '智能门锁', '接待儿童2到12岁', '接待婴幼儿2岁以下', '接待老人60岁以上', '被子', '泳池', '有窗户', '空气净化器', '洗浴用品', '牙具', '香皂', '调料', '洗涤用品', '电磁炉', '微波炉', '卡拉OK', '音响设备']",,,0,,168,,100.0%,100.0%,90.6%,40,4.992
赛特公寓NO.23-盛世郡/二室二厅,"
                赛特酒店公寓，任丘**酒店式公寓！可小时，可日租，房源遍布任丘各大小区（金台园、盛世郡、中华瑞鑫、怡海小区、天伦嘉园、金盾华庭、富丽花园等）。独立厨房，棋牌室，太空舱按摩椅，应有尽有。适合商务接待，朋友聚会，招待亲友等，三室两厅，二室两厅，一室两厅，可以随意选择！
公寓配备麻将桌，50寸+40寸乐视超级电视，冰箱，格力立式空调，按摩淋浴，24小时热水，屈臣氏洗护用品（免费），有停车位、WIFI
带独立厨房，锅碗盆，刀具，菜板（免费提供）调料需自备
最便捷的服务：一个电话，网络转账，输入密码，快捷入住、退房
支付宝、微信、信用卡、银联卡…快捷支付
            ",100%,18 晚,酒店式公寓,2室2厅,整租,"双人床
双人床",2张,4人,1,110平米,提供,沧州-任丘市-会战北道-盛世郡,沧州,任丘市,"['无线WIFI', '电视', '淋浴', '空调', '暖气', '电冰箱', '厨房', '毛巾', '拖鞋', '热水壶', '电梯', '对讲门禁', '餐具炊具', '电吹风', '智能门锁', '接待儿童2到12岁', '接待婴幼儿2岁以下', '接待老人60岁以上', '被子', '有窗户', '空气净化器', '洗浴用品', '牙具', '香皂', '刀具菜板', '调料', '洗涤用品', '电磁炉', '桌面游戏']",,,0,,268,,100.0%,100.0%,90.6%,40,4.992
赛特巨幕观影房1419京南,"
                极米120寸巨幕影院，真皮软床，厨房可做饭，锅具一应俱全，调料需自备
最便捷的服务： 一个电话，网络转账，输入密码，快捷入住、退房 支付宝、微信、信用卡、银联卡…快捷支付
            ",100%,26 晚,酒店式公寓,1室0厅,整租,双人床,1张,2人,1,40平米,提供,沧州-任丘市-会战北道东50米-京南互联网大厦,沧州,任丘市,"['无线WIFI', '淋浴', '空调', '暖气', '电冰箱', '厨房', '毛巾', '拖鞋', '热水壶', '电梯', '保安', '对讲门禁', '餐具炊具', '电吹风', '智能门锁', '接待儿童2到12岁', '接待婴幼儿2岁以下', '接待老人60岁以上', '被子', '泳池', '有窗户', '空气净化器', '洗浴用品', '牙具', '香皂', '调料', '洗涤用品', '电磁炉', '卡拉OK', '音响设备']",,,0,,138,,100.0%,100.0%,90.6%,40,4.992
情侣观影房,"
                极米43寸电视，柔软舒适真皮方床，独立卫生间，24小时热水
最便捷的服务： 一个电话，网络转账，输入密码，快捷入住、退房 支付宝、微信、信用卡、银联卡…快捷支付

            ",100%,26 晚,酒店式公寓,1室0厅,整租,双人床,1张,1人,1,55平米,提供,沧州-任丘市-会战北道东50米-京南互联网大厦,沧州,任丘市,"['无线WIFI', '电视', '淋浴', '空调', '暖气', '毛巾', '拖鞋', '热水壶', '电梯', '保安', '对讲门禁', '电吹风', '智能门锁', '接待儿童2到12岁', '接待婴幼儿2岁以下', '接待老人60岁以上', '被子', '泳池', '有窗户', '茶几', '空气净化器', '洗浴用品', '牙具', '音响设备']",,,0,,168,,100.0%,100.0%,90.6%,40,4.992
情侣电视房20,"
                极米43寸电视，柔软舒适真皮方床，独立卫生间，24小时热水
最便捷的服务： 一个电话，网络转账，输入密码，快捷入住、退房 支付宝、微信、信用卡、银联卡…快捷支付

            ",100%,26 晚,酒店式公寓,1室0厅,整租,双人床,1张,1人,1,55平米,提供,沧州-任丘市-会战北道东50米-京南互联网大厦,沧州,任丘市,"['无线WIFI', '电视', '淋浴', '空调', '暖气', '毛巾', '拖鞋', '热水壶', '电梯', '保安', '对讲门禁', '电吹风', '智能门锁', '接待儿童2到12岁', '接待婴幼儿2岁以下', '接待老人60岁以上', '被子', '泳池', '有窗户', '茶几', '空气净化器', '洗浴用品', '牙具', '音响设备']",,,0,,168,,100.0%,100.0%,90.6%,40,4.992
赛特情侣观影房京南,"
                极米120寸巨幕影院，两张欧式大床，厨房可做饭，锅具一应俱全，调料需自备
最便捷的服务： 一个电话，网络转账，输入密码，快捷入住、退房 支付宝、微信、信用卡、银联卡…快捷支付 
            ",100%,26 晚,酒店式公寓,1室0厅,整租,双人床,1张,2人,1,65平米,提供,沧州-任丘市-会战北道东50米-京南互联网大厦,沧州,任丘市,"['无线WIFI', '淋浴', '空调', '暖气', '电冰箱', '毛巾', '拖鞋', '热水壶', '电梯', '保安', '对讲门禁', '餐具炊具', '电吹风', '智能门锁', '接待儿童2到12岁', '接待婴幼儿2岁以下', '接待老人60岁以上', '被子', '泳池', '有窗户', '空气净化器', '洗浴用品', '牙具', '香皂', '燃气灶', '电磁炉', '音响设备']",,,0,,168,,100.0%,100.0%,90.6%,40,4.992
情侣观影房19零4,"
                1室0厅酒店式公寓，合理舒适温馨的空间欢迎你入住～，步行范围内有各种便利设施，便利店、超市、菜市场、各类餐馆方便用餐，房源设施齐全，洗漱用品齐全，不要你大包小包，可在沙发上恣意葛优瘫，更提供投影设施可亲密私享影片娱乐，各类娱乐设施齐全，团建派对玩得更愉快，小区环境好，安静、安全，有电梯，不用自己搬行李，很轻松，方便去周边景点游玩，近周边大学，考研、接待朋友伙伴都方便，近医院方便看病休憩照顾家人，如有其他问题欢迎随时向我咨询，我会为你提供更多的旅行建议，并将尽量满足你入住期间的需求，更多房源请查看房东主页供你选择
            ",100%,26 晚,酒店式公寓,1室0厅,整租,双人床,1张,2人,1,60平米,提供,沧州-任丘市-会战北道东50米-京南互联网大厦,沧州,任丘市,"['无线WIFI', '电视', '淋浴', '空调', '暖气', '洗衣机', '电冰箱', '厨房', '毛巾', '拖鞋', '热水壶', '电梯', '保安', '餐具炊具', '电吹风', '智能门锁', '接待儿童2到12岁', '接待婴幼儿2岁以下', '接待老人60岁以上', '被子', '有窗户', '沙发', '茶几', '空气净化器', '洗浴用品', '牙具', '香皂', '洗涤用品', '微波炉', '卡拉OK', '音响设备']",,,0,,168,,100.0%,100.0%,90.6%,40,4.992
赛特中式观影房1206京南,"
                公寓秉承传统文化 
纯实木演绎中华五千年的文化底蕴 
追求入住的精致、含蓄、高贵、儒雅与低调
精选泰国优质乳胶床垫&乳胶枕
大自然的恩惠给您舒适健康的睡眠体验
带独立厨房，锅碗盆，刀具，菜板（免费提供）调料需自备，50寸乐视超级电视+40寸乐视超级电视，冰箱，美的立式空调，24小时热水，屈臣氏洗护用品（免费），有停车位、WIFI。
最便捷的服务：一个电话，快捷入住、退房
支付宝、微信、信用卡、银联卡…快捷支付
赛特公寓，任丘**酒店式公寓！可日租，房源遍布任丘各大小区。棋牌室，健身房，太空舱按摩椅，应有尽有。适合商务接待，朋友聚会，招待亲友等，用普通宾馆的价格，享受整套公寓的奢华！
            ",100%,26 晚,酒店式公寓,1室0厅,整租,双人床,1张,2人,1,60平米,提供,沧州-任丘市-会战北道东50米-京南互联网大厦,沧州,任丘市,"['无线WIFI', '电视', '淋浴', '空调', '暖气', '电冰箱', '毛巾', '拖鞋', '热水壶', '电梯', '保安', '对讲门禁', '电吹风', '智能门锁', '接待儿童2到12岁', '接待婴幼儿2岁以下', '接待老人60岁以上', '被子', '泳池', '有窗户', '沙发', '茶几', '空气净化器', '洗浴用品', '牙具', '音响设备']",,,0,,168,,100.0%,100.0%,90.6%,40,4.992
赛特情侣观影房1406京南,"
                极米120寸巨幕影院，浪漫双人秋千，真皮圆床，厨房可做饭，锅具调料一应俱全
最便捷的服务： 一个电话，网络转账，输入密码，快捷入住、退房 支付宝、微信、信用卡、银联卡…快捷支付

            ",100%,26 晚,酒店式公寓,1室0厅,整租,圆床,1张,2人,1,50平米,提供,沧州-任丘市-会战北道东50米-京南互联网大厦,沧州,任丘市,"['无线WIFI', '电视', '淋浴', '空调', '暖气', '电冰箱', '厨房', '毛巾', '拖鞋', '热水壶', '电梯', '保安', '对讲门禁', '餐具炊具', '电吹风', '智能门锁', '接待儿童2到12岁', '接待婴幼儿2岁以下', '接待老人60岁以上', '被子', '泳池', '有窗户', '空气净化器', '洗浴用品', '牙具', '香皂', '刀具菜板', '调料', '洗涤用品', '电磁炉', '卡拉OK', '音响设备']",,,0,,168,,100.0%,100.0%,90.6%,40,4.992
京南特惠房16,"
                极米43寸电视，柔软舒适真皮方床，独立卫生间，24小时热水
最便捷的服务： 一个电话，网络转账，输入密码，快捷入住、退房 支付宝、微信、信用卡、银联卡…快捷支付

            ",95%,26 晚,酒店式公寓,1室0厅,整租,双人床,1张,2人,1,38平米,提供,沧州-任丘市-会战北道东50米-京南互联网大厦,沧州,任丘市,"['无线WIFI', '电视', '淋浴', '空调', '暖气', '毛巾', '拖鞋', '热水壶', '电梯', '保安', '对讲门禁', '电吹风', '智能门锁', '接待儿童2到12岁', '接待婴幼儿2岁以下', '接待老人60岁以上', '被子', '泳池', '有窗户', '沙发', '茶几', '空气净化器', '洗浴用品', '牙具', '音响设备']",,,2, 干净卫生#  睡的很香#  + 还不错性价比高,108,4.8,100.0%,100.0%,90.6%,40,4.992
赛特情侣观影房888京南,"
                极米150寸巨幕影院，真皮软床，厨房可做饭，锅具一应俱全
最便捷的服务： 一个电话，网络转账，输入密码，快捷入住、退房 支付宝、微信、信用卡、银联卡…快捷支付
            ",100%,26 晚,酒店式公寓,1室0厅,整租,双人床,1张,2人,1,40平米,提供,沧州-任丘市-会战北道东50米-京南互联网大厦,沧州,任丘市,"['无线WIFI', '淋浴', '空调', '暖气', '电冰箱', '厨房', '毛巾', '拖鞋', '热水壶', '电梯', '保安', '对讲门禁', '餐具炊具', '电吹风', '智能门锁', '接待儿童2到12岁', '接待婴幼儿2岁以下', '接待老人60岁以上', '被子', '泳池', '有窗户', '空气净化器', '洗浴用品', '牙具', '香皂', '调料', '洗涤用品', '电磁炉', '卡拉OK', '音响设备']",,,0,,168,,100.0%,100.0%,90.6%,40,4.992
赛特豪华观影房1415京南,"
                极米150寸巨幕影院，真皮软床，厨房可做饭，锅具一应俱全
最便捷的服务： 一个电话，网络转账，输入密码，快捷入住、退房 支付宝、微信、信用卡、银联卡…快捷支付
            ",100%,26 晚,酒店式公寓,1室0厅,整租,圆床,1张,2人,1,40平米,提供,沧州-任丘市-会战北道东50米-京南互联网大厦,沧州,任丘市,"['无线WIFI', '淋浴', '空调', '暖气', '电冰箱', '厨房', '毛巾', '拖鞋', '热水壶', '电梯', '保安', '对讲门禁', '餐具炊具', '电吹风', '智能门锁', '接待儿童2到12岁', '接待婴幼儿2岁以下', '接待老人60岁以上', '被子', '泳池', '有窗户', '空气净化器', '洗浴用品', '牙具', '香皂', '调料', '洗涤用品', '电磁炉', '微波炉', '卡拉OK', '音响设备']",,,0,,198,,100.0%,100.0%,90.6%,40,4.992
赛特情侣观影房1409京南,"
                极米120寸巨幕影院，情趣吊椅，真皮圆床，厨房可做饭，锅具调料一应俱全
最便捷的服务： 一个电话，网络转账，输入密码，快捷入住、退房 支付宝、微信、信用卡、银联卡…快捷支付
            ",100%,26 晚,酒店式公寓,1室0厅,整租,圆床,1张,2人,1,50平米,提供,沧州-任丘市-会战北道东50米-京南互联网大厦,沧州,任丘市,"['无线WIFI', '淋浴', '空调', '暖气', '电冰箱', '厨房', '毛巾', '拖鞋', '热水壶', '电梯', '保安', '对讲门禁', '餐具炊具', '电吹风', '智能门锁', '接待儿童2到12岁', '接待婴幼儿2岁以下', '接待老人60岁以上', '被子', '泳池', '有窗户', '空气净化器', '洗浴用品', '牙具', '香皂', '刀具菜板', '调料', '洗涤用品', '电磁炉', '卡拉OK', '音响设备']",,,0,,168,,100.0%,100.0%,90.6%,40,4.992
特惠电视房11,"
                1室0厅酒店式公寓，合理舒适温馨的空间欢迎你入住～，步行范围内有各种便利设施，便利店、超市、菜市场、各类餐馆方便用餐，公园供您散步休闲，房源设施齐全，洗漱用品齐全，不要你大包小包，可在沙发上恣意葛优瘫，小区环境好，安静、安全，有电梯，不用自己搬行李，很轻松，方便去周边景点游玩，近周边大学，考研、接待朋友伙伴都方便，近医院方便看病休憩照顾家人，如有其他问题欢迎随时向我咨询，我会为你提供更多的旅行建议，并将尽量满足你入住期间的需求，更多房源请查看房东主页供你选择
            ",100%,26 晚,酒店式公寓,1室0厅,整租,双人床,1张,2人,1,38平米,提供,沧州-任丘市-会战北道东50米-京南互联网大厦,沧州,任丘市,"['无线WIFI', '电视', '淋浴', '空调', '暖气', '毛巾', '拖鞋', '热水壶', '电梯', '保安', '对讲门禁', '电吹风', '智能门锁', '接待儿童2到12岁', '接待婴幼儿2岁以下', '接待老人60岁以上', '被子', '泳池', '有窗户', '沙发', '茶几', '空气净化器', '洗浴用品', '牙具', '音响设备']",,,0,,108,,100.0%,100.0%,90.6%,40,4.992
情侣电视房25,"
                1室0厅酒店式公寓，合理舒适温馨的空间欢迎你入住～，步行范围内有各种便利设施，便利店、超市、菜市场、各类餐馆方便用餐，房源设施齐全，洗漱用品齐全，不要你大包小包，不想吃餐厅点外卖的时候可以自己做饭，材料齐全，可在沙发上恣意葛优瘫，小区环境好，安静、安全，有电梯，不用自己搬行李，很轻松，方便去周边景点游玩，近周边大学，考研、接待朋友伙伴都方便，近医院方便看病休憩照顾家人，如有其他问题欢迎随时向我咨询，我会为你提供更多的旅行建议，并将尽量满足你入住期间的需求，更多房源请查看房东主页供你选择
            ",100%,26 晚,酒店式公寓,1室0厅,整租,圆床,1张,2人,1,60平米,提供,沧州-任丘市-会战北道东50米-京南互联网大厦,沧州,任丘市,"['无线WIFI', '电视', '淋浴', '空调', '暖气', '毛巾', '拖鞋', '热水壶', '电梯', '保安', '餐具炊具', '电吹风', '智能门锁', '接待儿童2到12岁', '接待婴幼儿2岁以下', '接待老人60岁以上', '接待外宾', '被子', '有窗户', '沙发', '茶几', '空气净化器', '洗浴用品', '牙具', '刀具菜板', '音响设备']",,,0,,168,,100.0%,100.0%,90.6%,40,4.992
情侣观影房02,"
                1室0厅酒店式公寓，合理舒适温馨的空间欢迎你入住～，步行范围内有各种便利设施，便利店、超市、菜市场、各类餐馆方便用餐，房源设施齐全，洗漱用品齐全，不要你大包小包，不想吃餐厅点外卖的时候可以自己做饭，材料齐全，可在沙发上恣意葛优瘫，小区环境好，安静、安全，有电梯，不用自己搬行李，很轻松，方便去周边景点游玩，近周边大学，考研、接待朋友伙伴都方便，近医院方便看病休憩照顾家人，如有其他问题欢迎随时向我咨询，我会为你提供更多的旅行建议，并将尽量满足你入住期间的需求，更多房源请查看房东主页供你选择
            ",100%,26 晚,酒店式公寓,1室0厅,整租,双人床,1张,2人,1,60平米,提供,沧州-任丘市-会战北道东50米-京南互联网大厦,沧州,任丘市,"['无线WIFI', '电视', '淋浴', '空调', '暖气', '毛巾', '拖鞋', '热水壶', '电梯', '保安', '餐具炊具', '电吹风', '智能门锁', '接待儿童2到12岁', '接待婴幼儿2岁以下', '接待老人60岁以上', '接待外宾', '被子', '有窗户', '沙发', '茶几', '空气净化器', '洗浴用品', '牙具', '刀具菜板', '音响设备']",,,0,,168,,100.0%,100.0%,90.6%,40,4.992
赛特豪华观影房京南,"
                极米150寸巨幕影院，真皮软床，厨房可做饭，锅具一应俱全
最便捷的服务： 一个电话，网络转账，输入密码，快捷入住、退房 支付宝、微信、信用卡、银联卡…快捷支付
            ",100%,26 晚,酒店式公寓,1室0厅,整租,地上床垫,2张,2人,1,40平米,提供,沧州-任丘市-会战北道东50米-京南互联网大厦,沧州,任丘市,"['无线WIFI', '淋浴', '空调', '暖气', '电冰箱', '厨房', '毛巾', '拖鞋', '热水壶', '电梯', '保安', '对讲门禁', '餐具炊具', '电吹风', '智能门锁', '接待儿童2到12岁', '接待婴幼儿2岁以下', '接待老人60岁以上', '被子', '泳池', '有窗户', '空气净化器', '洗浴用品', '牙具', '香皂', '调料', '洗涤用品', '电磁炉', '微波炉', '卡拉OK', '音响设备']",,,0,,198,,100.0%,100.0%,90.6%,40,4.992
赛特情侣观影房京南,"
                极米150寸巨幕影院，真皮软床，厨房可做饭，锅具一应俱全，调料需自备
最便捷的服务： 一个电话，网络转账，输入密码，快捷入住、退房 支付宝、微信、信用卡、银联卡…快 捷支付
            ",100%,26 晚,酒店式公寓,1室0厅,整租,双人床,1张,2人,1,40平米,提供,沧州-任丘市-会战北道东50米-京南互联网大厦,沧州,任丘市,"['无线WIFI', '淋浴', '空调', '暖气', '电冰箱', '厨房', '毛巾', '拖鞋', '热水壶', '电梯', '保安', '对讲门禁', '餐具炊具', '电吹风', '智能门锁', '接待儿童2到12岁', '接待婴幼儿2岁以下', '接待老人60岁以上', '被子', '泳池', '有窗户', '空气净化器', '洗浴用品', '牙具', '香皂', '调料', '洗涤用品', '电磁炉', '卡拉OK', '音响设备']",,,0,,168,,100.0%,100.0%,90.6%,40,4.992
情侣观影房1912,"
                美式风格，配有150寸巨幕，智能马桶，密码门锁，带厨房，沙发及阳台，是您入住的不二之选！
            ",100%,26 晚,普通公寓,1室0厅,整租,双人床,1张,2人,1,60平米,提供,沧州-任丘市-会战北道东50米-京南互联网大厦,沧州,任丘市,"['无线WIFI', '淋浴', '空调', '暖气', '电冰箱', '毛巾', '拖鞋', '热水壶', '电梯', '餐具炊具', '电吹风', '智能门锁', '接待儿童2到12岁', '接待婴幼儿2岁以下', '接待老人60岁以上', '被子', '有窗户', '沙发', '茶几', '空气净化器', '洗浴用品', '牙具', '香皂', '电磁炉', '卡拉OK']",,,0,,168,,100.0%,100.0%,90.6%,40,4.992
赛特巨幕观影房1417京南,"
                极米120寸巨幕影院，真皮软床，厨房可做饭，锅具一应俱全，调料需自备
最便捷的服务： 一个电话，网络转账，输入密码，快捷入住、退房 支付宝、微信、信用卡、银联卡…快捷支付
            ",100%,26 晚,酒店式公寓,1室0厅,整租,双人床,1张,2人,1,40平米,提供,沧州-任丘市-会战北道东50米-京南互联网大厦,沧州,任丘市,"['无线WIFI', '淋浴', '空调', '暖气', '电冰箱', '厨房', '毛巾', '拖鞋', '热水壶', '电梯', '保安', '对讲门禁', '餐具炊具', '电吹风', '智能门锁', '接待儿童2到12岁', '接待婴幼儿2岁以下', '接待老人60岁以上', '被子', '泳池', '有窗户', '空气净化器', '洗浴用品', '牙具', '香皂', '调料', '洗涤用品', '电磁炉', '卡拉OK', '音响设备']",,,0,,138,,100.0%,100.0%,90.6%,40,4.992
赛特情侣观影房1408京南,"
                极米120寸巨幕影院，浪漫情趣八爪椅，真皮圆床，厨房可做饭，锅具调料一应俱全
最便捷的服务： 一个电话，网络转账，输入密码，快捷入住、退房 支付宝、微信、信用卡、银联卡…快捷支付

            ",100%,26 晚,酒店式公寓,1室0厅,整租,圆床,1张,2人,1,50平米,提供,沧州-任丘市-会战北道东50米-京南互联网大厦,沧州,任丘市,"['无线WIFI', '淋浴', '空调', '暖气', '电冰箱', '厨房', '毛巾', '拖鞋', '热水壶', '电梯', '保安', '对讲门禁', '餐具炊具', '电吹风', '智能门锁', '接待儿童2到12岁', '接待婴幼儿2岁以下', '接待老人60岁以上', '被子', '泳池', '有窗户', '空气净化器', '洗浴用品', '牙具', '香皂', '刀具菜板', '调料', '洗涤用品', '电磁炉', '卡拉OK', '音响设备']",,,0,,168,,100.0%,100.0%,90.6%,40,4.992
赛特公寓NO.20-富丽花园三室二厅,"
                此套公寓装修浪漫温馨，三室二厅，3间卧室（美式双人软床），带独立厨房油盐酱醋等调料，锅碗盆，刀具，菜板（免费提供），50寸乐视超级电视+40寸乐视超级电视，冰箱，美的立式空调，24小时热水，屈臣氏洗护用品（免费），有停车位、WIFI。
最便捷的服务：一个电话，快捷入住、退房
支付宝、微信、信用卡、银联卡…快捷支付
赛特公寓，任丘**酒店式公寓！可日租，房源遍布任丘各大小区。棋牌室，健身房，太空舱按摩椅，应有尽有。适合商务接待，朋友聚会，招待亲友等，用普通宾馆的价格，享受整套公寓的奢华！通宾馆的价格，享受整套公寓的奢华！
            ",100%,18 晚,酒店式公寓,3室2厅,整租,双人床,3张,6人,2,150平米,提供,沧州-任丘市-渤海中路-富丽花园小区,沧州,任丘市,"['无线WIFI', '电视', '淋浴', '空调', '暖气', '洗衣机', '电冰箱', '厨房', '毛巾', '拖鞋', '热水壶', '电梯', '保安', '对讲门禁', '餐具炊具', '电吹风', '智能门锁', '接待儿童2到12岁', '接待婴幼儿2岁以下', '接待老人60岁以上', '被子', '泳池', '有窗户', '空气净化器', '洗浴用品', '牙具', '香皂', '刀具菜板', '调料', '洗涤用品', '微波炉', '音响设备']",,,0,,358,,100.0%,100.0%,90.6%,40,4.992
赛特公寓16-盛世郡三室二厅,"
                此套公寓装修浪漫温馨，三室一厅，3间卧室（两张欧式双人软床，一张单人床），带独立厨房，锅碗盆，刀具，菜板（免费提供）调料需自备，麻将桌，全自动洗衣机，50寸乐视超级电视+40寸乐视超级电视，冰箱，美的立式空调，24小时热水，屈臣氏洗护用品（免费），有停车位、WIFI。
最便捷的服务：一个电话，快捷入住、退房
支付宝、微信、信用卡、银联卡…快捷支付
赛特公寓，任丘**酒店式公寓！可日租，房源遍布任丘各大小区。棋牌室，健身房，太空舱按摩椅，应有尽有。适合商务接待，朋友聚会，招待亲友等，用普通宾馆的价格，享受整套公寓的奢华！宾馆的价格，享受整套公寓的奢华！
            ",100%,36 晚,酒店式公寓,3室1厅,整租,"双人床
单人床",3张,5人,2,130平米,提供,沧州-任丘市-会战道与裕华路交叉口西南角-盛世郡,沧州,任丘市,"['无线WIFI', '电视', '淋浴', '空调', '暖气', '洗衣机', '电冰箱', '厨房', '毛巾', '拖鞋', '热水壶', '电梯', '保安', '对讲门禁', '餐具炊具', '电吹风', '智能门锁', '接待儿童2到12岁', '接待婴幼儿2岁以下', '接待老人60岁以上', '被子', '泳池', '有窗户', '空气净化器', '洗浴用品', '牙具', '香皂', '刀具菜板', '调料', '洗涤用品', '微波炉', '音响设备']",,,0,,358,,100.0%,100.0%,90.6%,40,4.992
赛特情侣观影1407京南,"
                极米150寸巨幕影院，真皮软床，厨房可做饭，锅具一应俱全，调料需自备
最便捷的服务： 一个电话，网络转账，输入密码，快捷入住、退房 支付宝、信用卡、银联卡…快捷支付
            ",100%,26 晚,酒店式公寓,1室0厅,整租,双人床,1张,2人,1,40平米,提供,沧州-任丘市-会战北道东50米-京南互联网大厦,沧州,任丘市,"['无线WIFI', '淋浴', '空调', '暖气', '电冰箱', '厨房', '毛巾', '拖鞋', '热水壶', '电梯', '保安', '对讲门禁', '餐具炊具', '电吹风', '智能门锁', '接待儿童2到12岁', '接待婴幼儿2岁以下', '接待老人60岁以上', '被子', '泳池', '有窗户', '空气净化器', '洗浴用品', '牙具', '香皂', '调料', '洗涤用品', '电磁炉', '卡拉OK', '音响设备']",,,0,,168,,100.0%,100.0%,90.6%,40,4.992
情侣观影房01,"
                1室0厅酒店式公寓，合理舒适温馨的空间欢迎你入住～，步行范围内有各种便利设施，便利店、超市、菜市场、各类餐馆方便用餐，公园供您散步休闲，房源设施齐全，洗漱用品齐全，不要你大包小包，可在沙发上恣意葛优瘫，小区环境好，安静、安全，有电梯，不用自己搬行李，很轻松，方便去周边景点游玩，近周边大学，考研、接待朋友伙伴都方便，近医院方便看病休憩照顾家人，如有其他问题欢迎随时向我咨询，我会为你提供更多的旅行建议，并将尽量满足你入住期间的需求，更多房源请查看房东主页供你选择
            ",100%,26 晚,酒店式公寓,1室0厅,整租,双人床,1张,2人,1,60平米,提供,沧州-任丘市-会战北道东50米-京南互联网大厦,沧州,任丘市,"['无线WIFI', '电视', '淋浴', '空调', '暖气', '毛巾', '拖鞋', '热水壶', '电梯', '保安', '电吹风', '智能门锁', '接待儿童2到12岁', '接待婴幼儿2岁以下', '接待老人60岁以上', '接待外宾', '被子', '有窗户', '沙发', '茶几', '空气净化器', '洗浴用品', '牙具', '刀具菜板', '音响设备']",,,0,,168,,100.0%,100.0%,90.6%,40,4.992
悦城loft公寓式民宿,"
                楼下停车场，停车超级方便 ，下楼便是大型商业广场 健身房，游泳馆，电影院，星巴克，书店，永辉超市等各类便捷场所......
            ",100%,36 晚,其它,1室1厅,整租,双人床,1张,2人,2,70平米,提供,沧州-任丘市-新华路街道裕华西路2-1号,沧州,任丘市,"['无线WIFI', '电视', '淋浴', '空调', '暖气', '毛巾', '拖鞋', '热水壶', '电梯', '餐具炊具', '电吹风', '智能门锁', '接待儿童2到12岁', '接待婴幼儿2岁以下', '接待老人60岁以上', '接待外宾', '被子', '泳池', '有窗户', '落地窗', '沙发', '茶几', '空气净化器', '洗浴用品', '牙具', '调料']",,,0,,208,,100.0%,70.0%,80.0%,10,5.0
悦城loft公寓式民宿（生日趴）,"
                楼下停车场，停车超级方便 ，下楼便是大型商业广场 健身房，游泳馆，电影院，星巴克，书店，永辉超市等各类便捷场所......
            ",100%,36 晚,其它,1室1厅,整租,双人床,1张,2人,2,70平米,提供,沧州-任丘市-新华路街道裕华西路2-1号,沧州,任丘市,"['无线WIFI', '电视', '淋浴', '空调', '暖气', '电冰箱', '毛巾', '拖鞋', '热水壶', '电梯', '餐具炊具', '电吹风', '智能门锁', '接待儿童2到12岁', '接待婴幼儿2岁以下', '接待老人60岁以上', '接待外宾', '被子', '泳池', '有窗户', '落地窗', '茶几', '空气净化器', '洗浴用品', '牙具', '香皂', '燃气灶', '卡拉OK']",,,0,,266,,100.0%,70.0%,80.0%,10,5.0
悦都汇loft公寓,"
                楼下停车场，停车超级方便 ，下楼便是大型商业广场 健身房，游泳馆，电影院，星巴克，书店，永辉超市等各类便捷场所......
            ",100%,36 晚,其它,1室1厅,整租,双人床,1张,2人,2,70平米,提供,沧州-任丘市-新华路街道裕华西路2-1号,沧州,任丘市,"['无线WIFI', '电视', '淋浴', '空调', '暖气', '毛巾', '拖鞋', '热水壶', '电梯', '电吹风', '智能门锁', '接待儿童2到12岁', '接待婴幼儿2岁以下', '接待老人60岁以上', '接待外宾', '被子', '泳池', '有窗户', '落地窗', '茶几', '空气净化器', '洗浴用品', '牙具', '卡拉OK']",,,0,,217,,100.0%,70.0%,80.0%,10,5.0
任丘悦都汇Loft复式公寓,"
                任丘悦都汇Loft复式公寓
            ",100%,28 晚,其它,1室2厅,整租,双人床,1张,2人,2,100平米,提供,沧州-任丘市-新华路街道会战北道-蕾莎购物广场,沧州,任丘市,"['无线WIFI', '电视', '淋浴', '空调', '暖气', '毛巾', '拖鞋', '热水壶', '电梯', '电吹风', '智能门锁', '接待儿童2到12岁', '接待婴幼儿2岁以下', '接待老人60岁以上', '接待外宾', '被子', '有窗户', '落地窗', '茶几', '空气净化器', '洗浴用品', '牙具', '卡拉OK']",,,0,,217,,100.0%,70.0%,80.0%,10,5.0
任丘悦都汇Loft复式民宿,"
                任丘悦都汇Loft复式民宿
            ",100%,36 晚,其它,1室1厅,整租,双人床,1张,2人,2,70平米,提供,沧州-任丘市-新华路街道裕华西路2-1号,沧州,任丘市,"['无线WIFI', '电视', '淋浴', '空调', '暖气', '毛巾', '拖鞋', '热水壶', '电梯', '电吹风', '智能门锁', '接待儿童2到12岁', '接待婴幼儿2岁以下', '接待老人60岁以上', '接待外宾', '被子', '有窗户', '落地窗', '茶几', '空气净化器', '洗浴用品', '牙具', '卡拉OK']",,,0,,221,,100.0%,70.0%,80.0%,10,5.0
遇见loft公寓式民宿（汉服风）,"
                楼下停车场，停车超级方便 ，下楼便是大型商业广场 健身房，游泳馆，电影院，星巴克，书店，永辉超市等各类便捷场所......
            ",100%,26 晚,其它,1室1厅,整租,双人床,1张,2人,2,70平米,提供,沧州-任丘市-裕华西路2-1号-悦都汇购物公园,沧州,任丘市,"['无线WIFI', '电视', '淋浴', '空调', '暖气', '毛巾', '拖鞋', '热水壶', '电梯', '电吹风', '智能门锁', '接待儿童2到12岁', '接待婴幼儿2岁以下', '接待老人60岁以上', '接待外宾', '被子', '泳池', '有窗户', '落地窗', '茶几', '空气净化器', '洗浴用品', '牙具', '卡拉OK']",,,0,,201,,100.0%,70.0%,80.0%,10,5.0
任丘悦城loft民宿,"
                位于任丘悦都汇，交通便利，繁华街道
            ",100%,24 晚,Loft公寓,1室1厅,整租,"双人床
双人床",2张,4人,2,100平米,提供,沧州-任丘市-悦都汇购物公园,沧州,任丘市,"['宽带上网', '无线WIFI', '电视', '淋浴', '空调', '电冰箱', '全天热水', '毛巾', '拖鞋', '热水壶', '电梯', '保安', '餐具炊具', '电吹风', '智能门锁', '允许抽烟', '接待儿童2到12岁', '接待婴幼儿2岁以下', '接待老人60岁以上', '接待外宾', '有窗户', '落地窗', '沙发', '茶几', '洗浴用品', '牙具', '香皂', '投影设备']",,,1, 干净卫生#  性价比高#  小区环境好#  房东服务周到#  ,208,5.0,100.0%,70.0%,80.0%,10,5.0
悦港城/沧州市南环小学/沧州市第十中学,"
                进口净水器。小区里面可以停车。悦港城南侧。进出小区方便
            ",100%,28 晚,小区住宅,3室0厅,单间,双人床,1张,2人,1,24平米,提供,沧州-运河区-赵庄西街康居园小区-康居园小区,沧州,运河区,"['淋浴', '空调', '暖气', '洗衣机', '电冰箱', '全天热水', '毛巾', '拖鞋', '允许抽烟', '允许携带宠物', '接待婴幼儿2岁以下', '接待老人60岁以上', '接待外宾', '有窗户', '净水机', '洗浴用品', '刀具菜板', '洗涤用品', '燃气灶']",,,0,,248,,100.0%,100.0%,80.0%,9,4.444
任丘初遇汉服樱宿•京南互联网大厦B座巨幕投影,"
                周围商场，超市，小吃，交通便利
            ",95%,28 晚,酒店式公寓,1室0厅,整租,双人床,1张,2人,1,55平米,提供,沧州-任丘市-京南互联网大厦B座-京南互联网大厦B座,沧州,任丘市,"['宽带上网', '无线WIFI', '电视', '淋浴', '空调', '暖气', '全天热水', '毛巾', '拖鞋', '热水壶', '电梯', '保安', '电吹风', '智能门锁', '接待儿童2到12岁', '接待婴幼儿2岁以下', '有窗户', '落地窗', '沙发', '茶几', '洗浴用品', '牙具', '香皂', '投影设备']",周围都是商场,,1, 还可以吧 位置挺好的,145,4.8,100.0%,70.0%,100.0%,5,4.94
任丘初遇的民宿,"
                我们也许从未相识，但希望我的房源能让旅行中的你卸去疲惫，像在自己家一样温暖舒适
            ",100%,24 晚,小区住宅,1室0厅,整租,双人床,1张,2人,1,45平米,提供,沧州-任丘市-京南互联网大厦,沧州,任丘市,"['无线WIFI', '电视', '空调', '暖气', '电梯', '对讲门禁', '电吹风']",,,0,,124,,100.0%,70.0%,100.0%,5,4.94
平行世界,"
                Hi，很开心在这个美好的季节与你相遇，分享家和生活，你想知道的都在下面啦：
一间时尚新颖又舒适十足的新公寓，位于繁华市中心一带，在享受超便捷的城市生活的同时，又有一隅之地安放旅程的小美好，幸福十足
房间是开间一室一卫，有一张临窗的纯棉大床，可住2人。家里还准备了网络电视、高速Wi-Fi等，让你在温柔的空气中入睡
+位置：
-打车十几分钟-到沧州火车站 汽车站
希望您居住愉快~
            ",100%,24 晚,普通公寓,1室0厅,整租,双人床,1张,2人,1,25平米,提供,沧州-新华区-千童南大道辅路-蔡阳小区四排一号,沧州,新华区,"['宽带上网', '无线WIFI', '电视', '淋浴', '空调', '洗衣机', '电冰箱', '全天热水', '毛巾', '拖鞋', '热水壶', '餐具炊具', '电吹风', '智能门锁', '允许抽烟', '允许携带宠物', '接待儿童2到12岁', '接待婴幼儿2岁以下', '新风系统', '有窗户', '落地窗', '沙发', '茶几', '净水机', '挂烫机', '洗浴用品', '牙具', '香皂', '刀具菜板', '调料', '洗涤用品', '电磁炉', '电饭煲', '灭火器']",,,1, 1221111,118,5.0,100.0%,100.0%,85.6%,2,5.0
【轻舍】慢动作 |市中心 新华公园 二十分钟到达沧州火车站 汽车站,"
                Hi，很开心在这个美好的季节与你相遇，分享家和生活，你想知道的都在下面啦：
一间时尚新颖又舒适十足的新公寓，位于繁华市中心一带，在享受超便捷的城市生活的同时，又有一隅之地安放旅程的小美好，幸福十足
房间是开间一室一卫，有一张临窗的纯棉大床，可住2人。家里还准备了网络电视、高速Wi-Fi等，让你在温柔的空气中入睡
+位置：
-打车十几分钟-到沧州火车站 汽车站
希望您居住愉快~
            ",100%,24 晚,酒店式公寓,1室0厅,整租,双人床,1张,2人,1,25平米,提供,沧州-新华区-千童南大道辅路-蔡庄子社区,沧州,新华区,"['宽带上网', '无线WIFI', '电视', '淋浴', '空调', '洗衣机', '电冰箱', '全天热水', '毛巾', '拖鞋', '热水壶', '餐具炊具', '电吹风', '智能门锁', '接待儿童2到12岁', '接待婴幼儿2岁以下', '新风系统', '有窗户', '沙发', '茶几', '挂烫机', '洗浴用品', '牙具', '香皂', '刀具菜板', '调料', '洗涤用品', '电磁炉', '电饭煲', '灭火器']",,,0,,128,,100.0%,100.0%,85.6%,2,5.0
晓清精品日租A7温情两居,"
                标准两居，新房新床新被褥新家电新装修。豪华装修，高档温馨特别舒适干净卫生，空调，冰箱，洗衣机，液晶电视，Wi-Fi五星级酒店家纺床上用品，一次性洗浴用品，24小时热水淋浴，独立整体厨房可做饭，锅碗瓢盆调料一应俱全。小区住户少，安静舒适。适合商务接待，朋友聚会，全家出游，情侣约会。
            ",100%,18 晚,普通公寓,2室1厅,整租,"双人床
双人床",2张,4人,1,86平米,提供,沧州-运河区-黄河西路-荣盛锦绣天地-B区,沧州,运河区,"['无线WIFI', '电视', '空调', '暖气', '洗衣机', '电冰箱', '全天热水', '拖鞋', '电吹风', '接待儿童2到12岁', '接待老人60岁以上', '接待外宾']",,,0,,202,,100.0%,100.0%,90.9%,19,4.289
晓清A16欧式浪漫大两居近荣盛广场,"
                标准两居，新房新床新被褥新家电新装修。豪华装修，房间温馨特别舒适干净卫生，空调，冰箱，洗衣机，液晶电视，Wi-Fi，五星级酒家纺床上用品，一次性洗浴用品，24小时热水淋浴，独立整体厨房可做饭，锅碗瓢盆调料一应俱全。小区住户少，安静舒适。适合商务接待，朋友聚会，全家出游，情侣约会
            ",100%,20 晚,普通公寓,2室1厅,整租,"双人床
榻榻米",2张,4人,1,98平米,提供,沧州-运河区-永安南大道-凤凰城B区,沧州,运河区,"['无线WIFI', '电视', '淋浴', '空调', '暖气', '电冰箱', '全天热水', '厨房', '毛巾', '拖鞋', '电梯', '保安', '对讲门禁', '餐具炊具', '电吹风', '智能门锁', '接待儿童2到12岁', '接待老人60岁以上', '接待外宾']",,,0,,243,,100.0%,100.0%,90.9%,19,4.289
晓清A17投影房近荣盛广场,"
                标准两居，带保姆间，新房新床新被褥新家电新装修。豪华装修，房间温馨特别舒适干净卫生，空调，冰箱，洗衣机，液晶电视，Wi-Fi，五星级酒家纺床上用品，一次性洗浴用品，24小时热水淋浴，独立整体厨房可做饭，锅碗瓢盆调料一应俱全。小区住户少，安静舒适。适合商务接待，朋友聚会，全家出游，情侣约会
            ",100%,18 晚,普通公寓,3室1厅,整租,"双人床
双人床
单人床",3张,5人,1,109平米,提供,沧州-运河区-黄河西路-凤凰城A区,沧州,运河区,"['无线WIFI', '电视', '淋浴', '空调', '暖气', '洗衣机', '电冰箱', '全天热水', '厨房', '毛巾', '拖鞋', '电梯', '保安', '对讲门禁', '餐具炊具', '电吹风', '智能门锁', '接待儿童2到12岁', '接待老人60岁以上', '接待外宾']",,,0,,328,,100.0%,100.0%,90.9%,19,4.289
晓清精品日租A11活力大两居,"
                标准两居，新房新床新被褥新家电新装修。豪华装修，高档温馨特别舒适干净卫生，空调，冰箱，洗衣机，液晶电视，Wi-Fi五星级酒店家纺床上用品，一次性洗浴用品，24小时热水淋浴，独立整体厨房可做饭，锅碗瓢盆调料一应俱全。小区住户少，安静舒适。适合商务接待，朋友聚会，全家出游，情侣约会。
            ",100%,20 晚,普通公寓,2室1厅,整租,"双人床
双人床",2张,4人,1,103平米,提供,沧州-运河区-朝阳街辅路-信友城市之光,沧州,运河区,"['无线WIFI', '电视', '淋浴', '洗衣机', '电冰箱', '厨房', '毛巾', '拖鞋', '电梯', '保安', '对讲门禁', '餐具炊具', '电吹风', '接待儿童2到12岁', '接待老人60岁以上', '接待外宾']",,,0,,212,,100.0%,100.0%,90.9%,19,4.289
晓清日租a12阳光大三居,"
                标准三居，新房新床新被褥新家电新装修。豪高档温馨特别舒适干净卫生，空调，冰箱，洗衣机，液晶电视，Wi-Fi酒店家纺床上用品，一次性洗浴用品，24小时热水淋浴，独立整体厨房可做饭，锅碗瓢盆调料一应俱全。小区住户少，安静舒适。适合商务接待，朋友聚会，全家出游，情侣约会。
            ",100%,18 晚,普通公寓,3室2厅,整租,"双人床
双人床
双人床",3张,6人,1,159平米,提供,沧州-新华区-志强路北-东丽花园,沧州,新华区,"['无线WIFI', '电视', '淋浴', '暖气', '洗衣机', '电冰箱', '毛巾', '拖鞋', '保安', '对讲门禁', '餐具炊具', '电吹风', '智能门锁', '接待儿童2到12岁', '接待老人60岁以上', '接待外宾']",,,0,,314,,100.0%,100.0%,90.9%,19,4.289
晓清精品日租啊A8商务大两居,"
                标准两居，新房新床新被褥新家电新装修。豪华装修，高档温馨特别舒适干净卫生，空调，冰箱，洗衣机，液晶电视，Wi-Fi五星级酒店家纺床上用品，一次性洗浴用品，24小时热水淋浴，独立整体厨房可做饭，锅碗瓢盆调料一应俱全。小区住户少，安静舒适。适合商务接待，朋友聚会，全家出游，情侣约会。
            ",100%,20 晚,普通公寓,2室1厅,整租,"双人床
榻榻米",2张,4人,1,98平米,提供,沧州-运河区-永安南大道-凤凰城A区,沧州,运河区,"['无线WIFI', '电视', '淋浴', '暖气', '洗衣机', '电冰箱', '全天热水', '厨房', '毛巾', '拖鞋', '电梯', '保安', '对讲门禁', '餐具炊具', '电吹风', '智能门锁', '接待儿童2到12岁', '接待老人60岁以上', '接待外宾']",,,1, 环境不错。,300,5.0,100.0%,100.0%,90.9%,19,4.289
晓清精品日租A10浪漫温情两居,"
                标准两居，新房新床新被褥新家电新装修。豪华装修，高档温馨特别舒适干净卫生，空调，冰箱，洗衣机，液晶电视，Wi-Fi五星级酒店家纺床上用品，一次性洗浴用品，24小时热水淋浴，独立整体厨房可做饭，锅碗瓢盆调料一应俱全。小区住户少，安静舒适。适合商务接待，朋友聚会，全家出游，情侣约会。
            ",100%,20 晚,普通公寓,2室1厅,整租,"双人床
双人床",2张,4人,1,86平米,提供,沧州-运河区-开元南大道-香提荣府,沧州,运河区,"['无线WIFI', '电视', '淋浴', '暖气', '洗衣机', '电冰箱', '全天热水', '毛巾', '拖鞋', '餐具炊具', '电吹风', '接待儿童2到12岁', '接待老人60岁以上', '接待外宾']",,,0,,205,,100.0%,100.0%,90.9%,19,4.289
晓清A15网红打卡温馨小窝近明珠商贸城,"
                标新房新床新被褥新家电新装修。豪华装修，房间温馨特别舒适干净卫生，空调，冰箱，洗衣机，液晶电视，Wi-Fi，五星级酒家纺床上用品，品牌洗浴用品，24小时热水淋浴，独立整体厨房可做饭，锅碗瓢盆调料一应俱全。小区住户少，安静舒适。适合商务接待，朋友聚会，全家出游，情侣约会
            ",100%,22 晚,普通公寓,1室1厅,整租,双人床,1张,2人,1,78平米,提供,沧州-运河区-永安北大道东-沧州恒大城2期,沧州,运河区,"['无线WIFI', '电视', '淋浴', '暖气', '洗衣机', '全天热水', '厨房', '毛巾', '拖鞋', '电梯', '保安', '对讲门禁', '餐具炊具', '电吹风', '智能门锁', '接待儿童2到12岁', '接待老人60岁以上', '接待外宾', '泳池']",,,0,,214,,100.0%,100.0%,90.9%,19,4.289
晓清精品日租A9荣盛广场大两居,"
                标准两居，新房新床新被褥新家电新装修。豪华装修，房间温馨特别舒适干净卫生，空调，冰箱，洗衣机，液晶电视，Wi-Fi，五星级酒家纺床上用品，一次性洗浴用品，24小时热水淋浴，独立整体厨房可做饭，锅碗瓢盆调料一应俱全。小区住户少，安静舒适。适合商务接待，朋友聚会，全家出游，情侣约会
            ",100%,20 晚,普通公寓,2室1厅,整租,"双人床
双人床",2张,4人,1,98平米,提供,沧州-运河区-开元南大道-凤凰城C区,沧州,运河区,"['无线WIFI', '电视', '淋浴', '空调', '暖气', '洗衣机', '电冰箱', '全天热水', '毛巾', '拖鞋', '电梯', '保安', '对讲门禁', '餐具炊具', '电吹风', '智能门锁', '接待儿童2到12岁', '接待老人60岁以上', '接待外宾']",,,0,,258,,100.0%,100.0%,90.9%,19,4.289
三里家园/两居室,"
                房子装修地中海风格，全屋配套齐全，小区绿化好，24小时保安
            ",100%,16 晚,普通公寓,2室1厅,整租,"双人床
双人床",2张,4人,2,115平米,提供,沧州-新华区-永济路-三里家园,沧州,新华区,"['宽带上网', '无线WIFI', '电视', '淋浴', '空调', '洗衣机', '电冰箱', '全天热水', '电脑', '毛巾', '拖鞋', '热水壶', '电梯', '保安', '对讲门禁', '餐具炊具', '电吹风', '智能门锁', '允许抽烟', '接待儿童2到12岁', '接待婴幼儿2岁以下', '接待老人60岁以上', '接待外宾', '有窗户', '沙发', '茶几', '洗浴用品', '牙具', '香皂', '刀具菜板', '调料', '洗涤用品', '燃气灶', '电饭煲', '音响设备', '花园']",,房子位于永济路旁边，做8路车，或者11路车可以到门口，开车也很方便，距离火车站五分钟路程,0,,988,,100.0%,100.0%,80.0%,2,5.0
地中海风格，三居两卫生间,"
                小区环境好，停车免费
            ",100%,16 晚,小区住宅,3室2厅,整租,双人床,3张,6人,2,120平米,提供,沧州-新华区-北环路-三里家园,沧州,新华区,"['宽带上网', '无线WIFI', '电视', '淋浴', '空调', '暖气', '洗衣机', '电冰箱', '全天热水', '毛巾', '拖鞋', '热水壶', '电梯', '保安', '对讲门禁', '餐具炊具', '电吹风', '智能门锁', '允许抽烟', '接待儿童2到12岁', '接待婴幼儿2岁以下', '接待老人60岁以上', '接待外宾', '有窗户', '落地窗', '沙发', '茶几', '洗浴用品', '牙具', '香皂', '刀具菜板', '调料', '洗涤用品', '燃气灶', '电饭煲']",,,1, 干净卫生，装修好，,328,5.0,100.0%,100.0%,80.0%,2,5.0
温馨e家凤凰城雅致二居,"
                自己住过的房子，装修时考虑了光线，色调，整体感觉，给人以放松舒适到家的感觉。小区环境优雅，干净整洁，公交直达，周边荣盛购物广场，商超，餐饮方便，是居家旅游，出差，小憩，情侣会客好去处。欢迎您的入住！
            ",100%,20 晚,小区住宅,2室1厅,整租,"双人床
双层床",2张,4人,1,80平米,提供,沧州-运河区-永安南大道-凤凰城B区,沧州,运河区,"['宽带上网', '无线WIFI', '电视', '淋浴', '空调', '暖气', '洗衣机', '电冰箱', '全天热水', '厨房', '毛巾', '拖鞋', '一次性用品', '热水壶', '电梯', '保安', '对讲门禁', '允许抽烟', '接待儿童2到12岁', '被子']",300米内有沧州名吃0317火锅鸡，银行柜员机，1000米有大型商场荣盛购物广场，小区餐饮商超十分方便,房子位于永安南大道，公交1路直达,0,,168,,100.0%,100.0%,80.0%,1,5.0
《夏日民宿》经典大三居郡府南区,"
                  紧邻14中，迎宾小学。高铁站打车到这十块钱。
            ",100%,20 晚,小区住宅,3室1厅,整租,双人床,3张,6人,2,128平米,提供,沧州-运河区-永安南大道-天成郡府南区,沧州,运河区,"['宽带上网', '无线WIFI', '电视', '淋浴', '空调', '暖气', '洗衣机', '电冰箱', '厨房', '毛巾', '拖鞋', '热水壶', '电梯']",,,0,,258,,100.0%,90.0%,94.3%,38,4.966
精装商务标间泰合广场《夏日民宿》,"
                  高铁站打车到这儿十分钟。紧邻14中，迎宾小学。
            ",100%,21 晚,小区住宅,1室1厅,整租,双人床,1张,2人,1,80平米,提供,沧州-运河区-永安南大道-泰合星耀城,沧州,运河区,"['宽带上网', '无线WIFI', '电视', '淋浴', '空调', '暖气', '毛巾', '拖鞋', '电梯']",,,0,,177,,100.0%,90.0%,94.3%,38,4.966
二医院旁边，夏日公寓,"
                房屋位于沧州市运河区市中心位置，出入方便，周边配套设施齐全，菜市场，超市，医院，高铁站，房源位置好，周边配套设施齐全，紧邻二医院，永辉大型超市，距高铁站十分钟路程
            ",100%,22 晚,小区住宅,2室1厅,整租,双人床,2张,3人,1,80平米,提供,沧州-运河区-迎宾小学对过-泰和商业广场,沧州,运河区,"['无线WIFI', '电视', '淋浴', '空调', '暖气', '电冰箱', '厨房', '毛巾', '拖鞋', '热水壶', '电梯', '对讲门禁']",,,0,,208,,100.0%,90.0%,94.3%,38,4.966
《夏日民宿》经典大三居郡府南区,"
                  紧邻14中，迎宾小学。高铁站打车到这十块钱。
            ",100%,20 晚,小区住宅,3室1厅,整租,双人床,3张,6人,2,128平米,提供,沧州-运河区-永安南大道-天成郡府南区,沧州,运河区,"['宽带上网', '无线WIFI', '电视', '淋浴', '空调', '暖气', '洗衣机', '电冰箱', '厨房', '毛巾', '拖鞋', '热水壶', '电梯']",,,0,,258,,100.0%,90.0%,94.3%,38,4.966
夏日民宿【特惠大床】N19,"
                  房间整体装修现代风格，优质床品，房间干净整洁！
            ",80%,22 晚,小区住宅,1室1厅,整租,双人床,1张,2人,1,85平米,提供,沧州-运河区-迎宾小学对过-泰和商业广场,沧州,运河区,"['无线WIFI', '电视', '淋浴', '空调', '暖气', '毛巾', '拖鞋', '热水壶', '电梯']",,,2, 非常适合年轻人+ 房内上下两层，二层有床有沙发，插座少了，手机在一楼充电。一楼卫生间偏小,208,4.0,100.0%,90.0%,94.3%,38,4.966
夏日民宿【普通双床】N14,"
                  迎宾小学对面。紧邻14中。北大院菜市场。可以做饭。高铁站打车到这儿。15分钟。
            ",95%,16 晚,小区住宅,1室1厅,整租,双人床,2张,4人,1,82平米,提供,沧州-运河区-御河路-泰合商业广场,沧州,运河区,"['宽带上网', '无线WIFI', '电视', '淋浴', '空调', '暖气', '洗衣机', '电冰箱', '厨房', '毛巾', '拖鞋', '热水壶', '电梯', '餐具炊具', '电吹风']",,,1, 住宿可以的，两个床，复式结构，周围吃早饭可以，有个粥铺,198,4.8,100.0%,90.0%,94.3%,38,4.966
《夏日民宿》脑科医院附近温馨两居室,"
                  紧邻14中，迎宾小学。脑科医院，二医院。北大院菜市场。楼下32000平米大型商场。负一层永辉超市。
            ",100%,20 晚,小区住宅,2室1厅,整租,双人床,2张,4人,1,92平米,提供,沧州-运河区-永安南大道-泰合星耀城,沧州,运河区,"['宽带上网', '无线WIFI', '电视', '淋浴', '空调', '暖气', '洗衣机', '电冰箱', '厨房', '毛巾', '拖鞋', '热水壶', '餐具炊具']",,,0,,198,,100.0%,90.0%,94.3%,38,4.966
夏日民宿【家庭房】N8,"
                  迎宾小学对过。14中附近。紧邻北大院。楼下咖啡之翼，小肥羊火锅。
            ",100%,20 晚,小区住宅,3室0厅,整租,双人床,1张,2人,1,85平米,提供,沧州-运河区-永安南大道-泰和商业广场,沧州,运河区,"['宽带上网', '无线WIFI', '电视', '淋浴', '空调', '暖气', '洗衣机', '电冰箱', '毛巾', '拖鞋', '电梯', '电吹风']",,,1, 66666,198,5.0,100.0%,90.0%,94.3%,38,4.966
夏日民宿【特惠双床】N10,"
                  宽敞明亮安静，二医院附近。北大院500米。
            ",100%,20 晚,小区住宅,2室1厅,整租,双人床,1张,2人,1,80平米,提供,沧州-运河区-永安南大道-泰合星耀城,沧州,运河区,"['无线WIFI', '电视', '淋浴', '空调', '暖气', '洗衣机', '毛巾', '拖鞋', '电梯', '浴缸']",,,0,,208,,100.0%,90.0%,94.3%,38,4.966
《夏日民宿》两居室,"
                  安静明亮，精装。楼下永辉超市。32000米，泰合广场
            ",100%,20 晚,小区住宅,2室1厅,整租,双人床,2张,4人,1,82平米,提供,沧州-运河区-永安南大道-泰合星耀城,沧州,运河区,"['无线WIFI', '电视', '淋浴', '空调', '暖气', '毛巾', '拖鞋', '电梯', '浴缸']",,,0,,188,,100.0%,90.0%,94.3%,38,4.966
《夏日民宿》泰合广场精装一居室小复式,"
                沧州中心地段。14中，迎宾小学500米之内。楼下大型商场。14中，迎宾小学附近屋里有两张一米八两米的床
            ",100%,20 晚,小区住宅,1室1厅,整租,"双人床
沙发床",2张,4人,1,82平米,提供,沧州-运河区-永安南大道-泰合星耀城,沧州,运河区,"['无线WIFI', '电视', '淋浴', '空调', '暖气', '洗衣机', '电冰箱', '毛巾', '拖鞋', '热水壶', '电梯', '对讲门禁', '餐具炊具']",荣盛广场，泰合广场。,,0,,208,,100.0%,90.0%,94.3%,38,4.966
夏日民宿【能做饭的双床房】N21,"
                房屋位于沧州市运河区市中心位置，出入方便，周边配套设施齐全，菜市场，超市，医院，高铁站，房源位置好，周边配套设施齐全，紧邻二医院，永辉大型超市，距高铁站十分钟路程
            ",100%,38 晚,小区住宅,2室1厅,整租,双人床,1张,4人,1,80平米,提供,沧州-运河区-御河路与永安大道交叉口东南角-泰和商业广场,沧州,运河区,"['无线WIFI', '电视', '淋浴', '空调', '暖气', '电冰箱', '厨房', '毛巾', '拖鞋', '热水壶', '电梯', '对讲门禁']",,,0,,208,,100.0%,90.0%,94.3%,38,4.966
夏日民宿【特惠双床】N11,"
                  房间整体精装修，干净整洁，优质的床品！周边配套齐全，欢迎回家！
            ",100%,38 晚,小区住宅,2室1厅,整租,双人床,2张,4人,1,85平米,提供,沧州-运河区-御河路与永安大道交叉口东南角-泰和商业广场,沧州,运河区,"['无线WIFI', '电视', '淋浴', '空调', '暖气', '毛巾', '拖鞋', '热水壶', '电梯']",,,0,,188,,100.0%,90.0%,94.3%,38,4.966
夏日民宿【特惠双床】N9,"
                  紧邻14中迎宾小学，北大院菜市场。高铁，打车十块钱，
            ",100%,38 晚,小区住宅,2室1厅,整租,双人床,2张,2人,1,85平米,提供,沧州-运河区-御河路与永安大道交叉口东南角-泰和商业广场,沧州,运河区,"['无线WIFI', '电视', '淋浴', '空调', '暖气', '毛巾', '拖鞋', '电梯', '电吹风']",,,0,,198,,100.0%,90.0%,94.3%,38,4.966
夏日民宿【舒适双床】,"
                房屋位于沧州市运河区市中心位置，出入方便，周边配套设施齐全，菜市场，超市，医院，高铁站，房源位置好，周边配套设施齐全，紧邻二医院，永辉大型超市，距高铁站十分钟路程
            ",100%,38 晚,小区住宅,2室1厅,整租,双人床,2张,3人,1,80平米,提供,沧州-运河区-御河路与永安大道交叉口东南角-泰和商业广场,沧州,运河区,"['无线WIFI', '电视', '淋浴', '空调', '暖气', '电冰箱', '毛巾', '拖鞋', '热水壶', '电梯', '对讲门禁']",,,0,,188,,100.0%,90.0%,94.3%,38,4.966
夏日民宿【大床】N2,"
                  周边配套齐全，房间干净整洁，优质的床品！欢迎回家！
            ",100%,38 晚,小区住宅,1室1厅,整租,双人床,1张,2人,1,85平米,提供,沧州-运河区-御河路与永安大道交叉口东南角-泰和商业广场,沧州,运河区,"['无线WIFI', '电视', '淋浴', '空调', '暖气', '毛巾', '拖鞋', '热水壶', '电梯']",,,0,,238,,100.0%,90.0%,94.3%,38,4.966
夏日民宿【普通双床】N20,"
                房屋位于沧州市运河区市中心位置，出入方便，周边配套设施齐全，菜市场，超市，医院，高铁站，房源位置好，周边配套设施齐全，紧邻二医院，永辉大型超市，距高铁站十分钟路程
            ",100%,38 晚,小区住宅,2室1厅,整租,双人床,2张,3人,1,80平米,提供,沧州-运河区-御河路与永安大道交叉口东南角-泰和商业广场,沧州,运河区,"['无线WIFI', '电视', '淋浴', '空调', '暖气', '电冰箱', '厨房', '毛巾', '拖鞋', '热水壶', '电梯', '对讲门禁']",,,0,,188,,100.0%,90.0%,94.3%,38,4.966
夏日民宿【精品大床】N7,"
                  房间干净整洁且视野好！周边配套齐全。欢迎回家
            ",100%,38 晚,小区住宅,1室1厅,整租,双人床,1张,2人,1,85平米,提供,沧州-运河区-御河路与永安大道交叉口东南角-泰和商业广场,沧州,运河区,"['无线WIFI', '电视', '淋浴', '空调', '暖气', '电冰箱', '毛巾', '拖鞋', '热水壶', '电梯']",,,0,,238,,100.0%,90.0%,94.3%,38,4.966
夏日民宿【精品大床房】N17,"
                  周边配套齐全，房间干净整洁，优质的床品！欢迎回家！
            ",100%,38 晚,小区住宅,1室1厅,整租,双人床,1张,2人,1,85平米,提供,沧州-运河区-御河路与永安大道交叉口东南角-泰和商业广场,沧州,运河区,"['无线WIFI', '电视', '淋浴', '空调', '暖气', '毛巾', '拖鞋', '热水壶', '电梯']",,,0,,238,,100.0%,90.0%,94.3%,38,4.966
夏日民宿【精品大床】N5,"
                  此套夏日民宿坐落于沧州市繁华地段，周边高端小区。 房间面积85平左右，整体装修简约又不失格调。白色商务床品，干净舒适！
            ",100%,38 晚,小区住宅,1室1厅,整租,双人床,1张,2人,1,85平米,提供,沧州-运河区-御河路与永安大道交叉口东南角-泰和商业广场,沧州,运河区,"['无线WIFI', '电视', '淋浴', '空调', '暖气', '电冰箱', '毛巾', '拖鞋', '热水壶', '电梯']",,,0,,238,,100.0%,90.0%,94.3%,38,4.966
夏日民宿【双床】N1,"
                  周边配套齐全，房间干净整洁，优质的床品！欢迎回家！
            ",100%,38 晚,小区住宅,2室1厅,整租,双人床,2张,2人,1,85平米,提供,沧州-运河区-御河路与永安大道交叉口东南角-泰和商业广场,沧州,运河区,"['无线WIFI', '电视', '淋浴', '空调', '暖气', '毛巾', '拖鞋', '热水壶', '电梯']",,,1, 非常不错的,258,5.0,100.0%,90.0%,94.3%,38,4.966
夏日民宿【精品双床】N6,"
                  干净舒适，小复式，整体装修简约又不失格调！
            ",100%,38 晚,小区住宅,2室1厅,整租,双人床,2张,4人,1,85平米,提供,沧州-运河区-御河路与永安大道交叉口东南角-泰和商业广场,沧州,运河区,"['无线WIFI', '电视', '淋浴', '空调', '暖气', '电冰箱', '毛巾', '拖鞋', '热水壶', '电梯']",,,0,,258,,100.0%,90.0%,94.3%,38,4.966
夏日民宿【精品双床】N4,"
                  房间位置好，落地窗，视野好，床品干净舒适！欢迎回家！
            ",100%,38 晚,小区住宅,2室1厅,整租,双人床,2张,4人,1,85平米,提供,沧州-运河区-御河路与永安大道交叉口东南角-泰和商业广场,沧州,运河区,"['无线WIFI', '电视', '淋浴', '空调', '暖气', '洗衣机', '电冰箱', '毛巾', '拖鞋', '热水壶', '电梯']",,,0,,258,,100.0%,90.0%,94.3%,38,4.966
夏日民宿【家庭房】N13,"
                  紧邻北大院菜市场。迎宾小学14中。高铁站，火车站打车十块钱。
            ",100%,38 晚,小区住宅,3室0厅,整租,双人床,3张,6人,1,85平米,提供,沧州-运河区-御河路与永安大道交叉口东南角-泰和商业广场,沧州,运河区,"['宽带上网', '无线WIFI', '电视', '淋浴', '空调', '暖气', '洗衣机', '电冰箱', '毛巾', '拖鞋', '电梯', '电吹风']",,,0,,198,,100.0%,90.0%,94.3%,38,4.966
夏日民宿【休闲大床】N12,"
                  迎宾小学对过。紧邻北大院菜市场。楼下大型商场，大型超市。
            ",100%,38 晚,小区住宅,1室1厅,整租,双人床,1张,2人,1,80平米,提供,沧州-运河区-御河路与永安大道交叉口东南角-泰和商业广场,沧州,运河区,"['宽带上网', '无线WIFI', '电视', '淋浴', '空调', '暖气', '毛巾', '拖鞋', '电梯', '电吹风']",,,0,,198,,100.0%,90.0%,94.3%,38,4.966
ins风超适合拍照 高铁附近  沧州师范学院旁亚龙湾109平民宿,"
                ins风的北欧风格装修，处处都有主人温馨的布置。配备舒服的大床和床垫，相信您进来就想悠闲的呆在房间里，坐在秋千上，听着音乐，享受家的感觉。如果想下厨的话，厨房里也是满满的ins风，餐具调料齐全
            ",100%,22 晚,小区住宅,2室1厅,整租,"双人床
单人床",2张,2人,1,109平米,提供,沧州-运河区-青海南大道西-宏宇亚龙湾,沧州,运河区,"['无线WIFI', '电视', '淋浴', '空调', '暖气', '洗衣机', '电冰箱', '全天热水', '厨房', '毛巾', '拖鞋', '一次性用品', '热水壶', '电梯', '保安', '对讲门禁', '餐具炊具', '电吹风', '智能门锁', '接待儿童2到12岁', '接待婴幼儿2岁以下', '接待老人60岁以上', '接待外宾', '被子']",,"到市区和火车站直接乘坐18路，19路就可以
到高铁站9元就能到呦",1, 挺好的非常喜欢,318,5.0,100.0%,70.0%,80.0%,1,5.0
荣盛购物广场悦港城附近能做饭 单间,"
                房间装修简约大方而不失浪漫，干净，安静采光好，白天绿树环绕有负离子适合居住，夜晚灯壁辉煌，夜景怡人！
地理位置，此房子在城市之光小区内！属于高端大气上档次小区，在北侧有万润悦港城新同天超市，荣盛购物广场也不远，沧州市名人植物园在小区西边！沧州市中西医结合医院在下个十字路口！沧州妇产医院沧州职业技术学院沧州医专沧州水利电力学院都不远！
            ",100%,22 晚,小区住宅,3室1厅,单间,双人床,1张,2人,1,18平米,提供,沧州-运河区-朝阳街64号-城市之光,沧州,运河区,"['宽带上网', '无线WIFI', '电视', '淋浴', '空调', '暖气', '洗衣机', '电冰箱', '全天热水', '毛巾', '拖鞋', '热水壶', '电梯', '保安', '对讲门禁', '餐具炊具', '电吹风', '允许抽烟', '允许携带宠物', '接待老人60岁以上', '接待外宾', '有窗户', '沙发', '茶几', '净水机', '洗浴用品', '牙具', '香皂', '刀具菜板', '洗涤用品', '燃气灶', '电饭煲']",我们的小区里有小公园儿，亭台楼阁，景色优美，绿树环绕，花团锦簇，附近的公园有沧州名人植物园,位于朝阳街与九河路交叉口 通3路  9 路  138路,0,,239,,100.0%,100.0%,80.0%,9,4.444
荣盛购物广场附近，悦港城附近 单间,"
                采光好，交通便利，拎包入住！品牌家具家电齐全，附近有小吃街，有悦港城 新同天荣盛购物广场 百兆宽带 可以做饭有厨具天然气入户，各种调料，小区门口有超大免费停车场！一客一换！深层清洁，威士露花王等清洁！
            ",100%,22 晚,小区住宅,3室1厅,单间,双人床,1张,2人,1,18平米,提供,沧州-运河区-朝阳街64号-城市之光,沧州,运河区,"['宽带上网', '无线WIFI', '电视', '淋浴', '空调', '暖气', '洗衣机', '电冰箱', '全天热水', '毛巾', '拖鞋', '热水壶', '电梯', '保安', '对讲门禁', '餐具炊具', '电吹风', '允许抽烟', '允许携带宠物', '接待婴幼儿2岁以下', '接待老人60岁以上', '接待外宾', '有窗户', '沙发', '茶几', '净水机', '洗浴用品', '牙具', '香皂', '刀具菜板', '调料', '洗涤用品', '燃气灶', '电饭煲']",,门口有226  3路,0,,238,,100.0%,100.0%,80.0%,9,4.444
悦港城，荣盛购物广场 单间,"
                采光好大窗户，白天绿树环绕，夜晚灯壁辉煌，落地空调和挂机大空调品牌空调！百兆宽带！上网速度快。可以做饭洗衣服洗澡
            ",100%,22 晚,小区住宅,3室1厅,单间,双人床,1张,2人,1,30平米,提供,沧州-运河区-朝阳街64号-城市之光,沧州,运河区,"['宽带上网', '无线WIFI', '电视', '淋浴', '空调', '暖气', '洗衣机', '电冰箱', '全天热水', '毛巾', '拖鞋', '热水壶', '电梯', '保安', '餐具炊具', '电吹风', '允许抽烟', '允许携带宠物', '接待婴幼儿2岁以下', '接待老人60岁以上', '接待外宾', '有窗户', '沙发', '茶几', '加湿器', '洗浴用品', '牙具', '香皂', '刀具菜板', '调料', '洗涤用品', '燃气灶', '电饭煲', '灭火器']",,,0,,229,,100.0%,100.0%,80.0%,9,4.444
荣盛购物广场万润悦港城附近能做饭能洗澡能上网能免费停车,"
                整体厨房 可以做饭干净舒心采光好 南北通透白天绿树 环绕夜晚灯壁辉煌 打车非常方便，超大免费停车场 百兆宽带 新的床单被罩枕巾 一客一换，荣盛购物广场万润悦港城新同天都很近  九河西路和朝阳街交叉口 沧州职业技术学校和沧州医专，沧州水利电力学校在附近
            ",100%,16 晚,小区住宅,3室1厅,单间,双人床,1张,2人,1,20平米,提供,沧州-运河区-朝阳街-城市之光,沧州,运河区,"['宽带上网', '无线WIFI', '电视', '淋浴', '空调', '暖气', '洗衣机', '电冰箱', '全天热水', '毛巾', '拖鞋', '热水壶', '电梯', '保安', '餐具炊具', '电吹风', '允许抽烟', '允许携带宠物', '接待婴幼儿2岁以下', '接待老人60岁以上', '接待外宾', '有窗户', '沙发', '茶几', '洗浴用品', '牙具', '香皂', '刀具菜板', '调料', '洗涤用品', '燃气灶', '电饭煲']",,,1, 房东特别热情 人特别好 住的也舒服 被子什么的都特别好 下次还可以去体验体验,239,5.0,100.0%,100.0%,80.0%,9,4.444
沧州田园风情两居温馨小屋,"
                房东亲自设计的奢华主义风，无论是公差旅行还是亲朋小聚都能感受到同样的温馨体验，相信会让有缘的朋友们留下美好温暖的回忆。
            ",100%,26 晚,普通公寓,2室1厅,整租,双人床,2张,4人,1,88平米,提供,沧州-新华区-解放东路103号-百合世嘉,沧州,新华区,"['无线WIFI', '电视', '淋浴', '暖气', '洗衣机', '电冰箱', '全天热水', '厨房', '拖鞋', '电梯', '保安', '对讲门禁', '餐具炊具', '电吹风', '智能门锁']",小区楼下有个铁锅炖不错，小区北门有个娱乐圈火锅鸡店非常棒，还有距离小区很近的地方有一个沧州市最大的动物园可带孩子去游玩。,,0,,228,,100.0%,100.0%,100.0%,1,5.0
明珠商贸城西精装三局,"
                简约，干净，舒心，大阳台采光很好，小区环境优雅，安全。紧邻明珠商贸城，高铁站，出行便捷。
            ",100%,30 晚,小区住宅,3室1厅,整租,双人床,3张,6人,1,1,125平米,沧州-运河区-吉林大道西，西安路北-紫御华府,沧州,运河区,"['宽带上网', '无线WIFI', '电视', '淋浴', '空调', '暖气', '洗衣机', '电冰箱', '全天热水', '厨房', '毛巾', '拖鞋', '一次性用品', '热水壶', '电梯', '保安', '对讲门禁', '餐具炊具', '电吹风', '允许携带宠物', '接待外宾', '被子']",,,0,,388,,100.0%,100.0%,80.0%,1,5.0
百合温馨两居室,"
                房间装修风格简约而不失烂漫，干净舒心，客厅有大飘窗，采光很好，
            ",100%,18 晚,小区住宅,2室1厅,整租,双人床,2张,4人,1,96平米,提供,沧州-新华区-黄河东路-百合世嘉,沧州,新华区,"['宽带上网', '无线WIFI', '电视', '淋浴', '空调', '暖气', '全天热水', '厨房', '拖鞋', '电梯', '保安', '对讲门禁', '餐具炊具', '被子']",,,0,,188,,100.0%,100.0%,80.0%,2,2.5
紧邻明珠商贸城，西客站，居然之家，市政大厅,"
                交通便利，温馨大床房，
            ",100%,18 晚,普通公寓,1室0厅,整租,双人床,1张,2人,1,50平米,提供,沧州-运河区-迎宾大道-泰大国际家居广场,沧州,运河区,"['宽带上网', '无线WIFI', '电视', '淋浴', '空调', '暖气', '洗衣机', '电冰箱', '全天热水', '毛巾', '拖鞋', '热水壶', '电梯', '保安', '电吹风', '智能门锁', '有窗户', '沙发', '茶几', '洗浴用品', '牙具', '微波炉', '灭火器']",,,0,,128,,100.0%,100.0%,100.0%,11,5.0
紧邻明珠商贸城，西客站，市政大厅,"
                家电家具齐全，交通便利
            ",100%,18 晚,普通公寓,1室1厅,整租,双人床,2张,4人,1,50平米,提供,沧州-运河区-迎宾大道-泰大国际家居广场,沧州,运河区,"['宽带上网', '无线WIFI', '电视', '淋浴', '空调', '暖气', '洗衣机', '电冰箱', '全天热水', '毛巾', '拖鞋', '热水壶', '电梯', '保安', '电吹风', '智能门锁', '有窗户', '沙发', '茶几', '洗浴用品', '牙具', '香皂', '微波炉', '灭火器']",,,0,,128,,100.0%,100.0%,100.0%,11,5.0
紧邻明珠商贸城，西客站，市政大厅,"
                家居家电齐全，交通便利
            ",100%,18 晚,普通公寓,1室0厅,整租,双人床,1张,2人,1,50平米,提供,沧州-运河区-迎宾大道-泰大国际家居广场,沧州,运河区,"['宽带上网', '无线WIFI', '电视', '淋浴', '空调', '暖气', '洗衣机', '电冰箱', '全天热水', '毛巾', '拖鞋', '热水壶', '电梯', '保安', '电吹风', '智能门锁', '有窗户', '沙发', '茶几', '洗浴用品', '牙具', '微波炉', '灭火器']",,,0,,128,,100.0%,100.0%,100.0%,11,5.0
近荣盛广场，近医院商超锦绣天地阳光大床房,"
                小区周边配套设施齐全，娱乐购物餐饮一应俱全，房屋装修风格清新，是您旅居休息的好去处
            ",100%,24 晚,小区住宅,2室2厅,整租,"双人床
双人床",2张,4人,1,80平米,提供,沧州-运河区-运河区黄河西路-锦绣天地B区,沧州,运河区,"['宽带上网', '无线WIFI', '电视', '淋浴', '空调', '暖气', '洗衣机', '电冰箱', '全天热水', '毛巾', '拖鞋', '热水壶', '电梯', '保安', '餐具炊具', '电吹风', '允许抽烟', '接待儿童2到12岁', '接待婴幼儿2岁以下', '有窗户', '沙发', '茶几', '洗浴用品', '牙具', '香皂', '刀具菜板', '调料', '洗涤用品', '燃气灶', '电饭煲', '灭火器']",,,0,,220,,100.0%,100.0%,100.0%,7,4.286
紧邻明珠商贸城，西客站，市政大厅,"
                交通便利，干净整洁，住着就是舒服
            ",100%,24 晚,普通公寓,1室0厅,整租,双人床,1张,2人,1,50平米,提供,沧州-运河区-运河区迎宾大道-泰大国际家居广场,沧州,运河区,"['宽带上网', '无线WIFI', '电视', '淋浴', '空调', '暖气', '洗衣机', '电冰箱', '全天热水', '毛巾', '拖鞋', '热水壶', '电梯', '餐具炊具', '电吹风', '智能门锁', '接待儿童2到12岁', '接待婴幼儿2岁以下', '有窗户', '落地窗', '沙发', '茶几', '洗浴用品', '牙具', '电磁炉', '灭火器']",,,0,,128,,100.0%,100.0%,100.0%,11,5.0
紧邻明珠商贸城，西客站，居然之家，市政大厅,"
                交通便利，温馨大床房，
            ",100%,18 晚,普通公寓,1室0厅,整租,双人床,1张,2人,1,50平米,提供,沧州-运河区-迎宾大道-泰大国际家居广场,沧州,运河区,"['宽带上网', '无线WIFI', '电视', '淋浴', '空调', '暖气', '洗衣机', '电冰箱', '全天热水', '毛巾', '拖鞋', '热水壶', '电梯', '保安', '电吹风', '智能门锁', '有窗户', '沙发', '茶几', '洗浴用品', '牙具', '微波炉', '灭火器']",,,0,,128,,100.0%,100.0%,100.0%,11,5.0
紧邻明珠商贸城，西客站，市政大厅,"
                家电家具齐全，交通便利
            ",100%,18 晚,普通公寓,1室1厅,整租,双人床,2张,4人,1,50平米,提供,沧州-运河区-迎宾大道-泰大国际家居广场,沧州,运河区,"['宽带上网', '无线WIFI', '电视', '淋浴', '空调', '暖气', '洗衣机', '电冰箱', '全天热水', '毛巾', '拖鞋', '热水壶', '电梯', '保安', '电吹风', '智能门锁', '有窗户', '沙发', '茶几', '洗浴用品', '牙具', '香皂', '微波炉', '灭火器']",,,0,,128,,100.0%,100.0%,100.0%,11,5.0
紧邻明珠商贸城，西客站，市政大厅,"
                家居家电齐全，交通便利
            ",100%,18 晚,普通公寓,1室0厅,整租,双人床,1张,2人,1,50平米,提供,沧州-运河区-迎宾大道-泰大国际家居广场,沧州,运河区,"['宽带上网', '无线WIFI', '电视', '淋浴', '空调', '暖气', '洗衣机', '电冰箱', '全天热水', '毛巾', '拖鞋', '热水壶', '电梯', '保安', '电吹风', '智能门锁', '有窗户', '沙发', '茶几', '洗浴用品', '牙具', '微波炉', '灭火器']",,,0,,128,,100.0%,100.0%,100.0%,11,5.0
近荣盛广场，近医院商超锦绣天地阳光大床房,"
                小区周边配套设施齐全，娱乐购物餐饮一应俱全，房屋装修风格清新，是您旅居休息的好去处
            ",100%,24 晚,小区住宅,2室2厅,整租,"双人床
双人床",2张,4人,1,80平米,提供,沧州-运河区-运河区黄河西路-锦绣天地B区,沧州,运河区,"['宽带上网', '无线WIFI', '电视', '淋浴', '空调', '暖气', '洗衣机', '电冰箱', '全天热水', '毛巾', '拖鞋', '热水壶', '电梯', '保安', '餐具炊具', '电吹风', '允许抽烟', '接待儿童2到12岁', '接待婴幼儿2岁以下', '有窗户', '沙发', '茶几', '洗浴用品', '牙具', '香皂', '刀具菜板', '调料', '洗涤用品', '燃气灶', '电饭煲', '灭火器']",,,0,,220,,100.0%,100.0%,100.0%,7,4.286
紧邻明珠商贸城，西客站，市政大厅,"
                交通便利，干净整洁，住着就是舒服
            ",100%,24 晚,普通公寓,1室0厅,整租,双人床,1张,2人,1,50平米,提供,沧州-运河区-运河区迎宾大道-泰大国际家居广场,沧州,运河区,"['宽带上网', '无线WIFI', '电视', '淋浴', '空调', '暖气', '洗衣机', '电冰箱', '全天热水', '毛巾', '拖鞋', '热水壶', '电梯', '餐具炊具', '电吹风', '智能门锁', '接待儿童2到12岁', '接待婴幼儿2岁以下', '有窗户', '落地窗', '沙发', '茶几', '洗浴用品', '牙具', '电磁炉', '灭火器']",,,0,,128,,100.0%,100.0%,100.0%,11,5.0
紧邻明珠商贸城，西客站，居然之家，市政大厅,"
                交通便利，温馨大床房，
            ",100%,18 晚,普通公寓,1室0厅,整租,双人床,1张,2人,1,50平米,提供,沧州-运河区-迎宾大道-泰大国际家居广场,沧州,运河区,"['宽带上网', '无线WIFI', '电视', '淋浴', '空调', '暖气', '洗衣机', '电冰箱', '全天热水', '毛巾', '拖鞋', '热水壶', '电梯', '保安', '电吹风', '智能门锁', '有窗户', '沙发', '茶几', '洗浴用品', '牙具', '微波炉', '灭火器']",,,0,,128,,100.0%,100.0%,100.0%,11,5.0
紧邻明珠商贸城，西客站，市政大厅,"
                家电家具齐全，交通便利
            ",100%,18 晚,普通公寓,1室1厅,整租,双人床,2张,4人,1,50平米,提供,沧州-运河区-迎宾大道-泰大国际家居广场,沧州,运河区,"['宽带上网', '无线WIFI', '电视', '淋浴', '空调', '暖气', '洗衣机', '电冰箱', '全天热水', '毛巾', '拖鞋', '热水壶', '电梯', '保安', '电吹风', '智能门锁', '有窗户', '沙发', '茶几', '洗浴用品', '牙具', '香皂', '微波炉', '灭火器']",,,0,,128,,100.0%,100.0%,100.0%,11,5.0
紧邻明珠商贸城，西客站，市政大厅,"
                家居家电齐全，交通便利
            ",100%,18 晚,普通公寓,1室0厅,整租,双人床,1张,2人,1,50平米,提供,沧州-运河区-迎宾大道-泰大国际家居广场,沧州,运河区,"['宽带上网', '无线WIFI', '电视', '淋浴', '空调', '暖气', '洗衣机', '电冰箱', '全天热水', '毛巾', '拖鞋', '热水壶', '电梯', '保安', '电吹风', '智能门锁', '有窗户', '沙发', '茶几', '洗浴用品', '牙具', '微波炉', '灭火器']",,,0,,128,,100.0%,100.0%,100.0%,11,5.0
近荣盛广场，近医院商超锦绣天地阳光大床房,"
                小区周边配套设施齐全，娱乐购物餐饮一应俱全，房屋装修风格清新，是您旅居休息的好去处
            ",100%,24 晚,小区住宅,2室2厅,整租,"双人床
双人床",2张,4人,1,80平米,提供,沧州-运河区-运河区黄河西路-锦绣天地B区,沧州,运河区,"['宽带上网', '无线WIFI', '电视', '淋浴', '空调', '暖气', '洗衣机', '电冰箱', '全天热水', '毛巾', '拖鞋', '热水壶', '电梯', '保安', '餐具炊具', '电吹风', '允许抽烟', '接待儿童2到12岁', '接待婴幼儿2岁以下', '有窗户', '沙发', '茶几', '洗浴用品', '牙具', '香皂', '刀具菜板', '调料', '洗涤用品', '燃气灶', '电饭煲', '灭火器']",,,0,,220,,100.0%,100.0%,100.0%,7,4.286
紧邻明珠商贸城，西客站，市政大厅,"
                交通便利，干净整洁，住着就是舒服
            ",100%,24 晚,普通公寓,1室0厅,整租,双人床,1张,2人,1,50平米,提供,沧州-运河区-运河区迎宾大道-泰大国际家居广场,沧州,运河区,"['宽带上网', '无线WIFI', '电视', '淋浴', '空调', '暖气', '洗衣机', '电冰箱', '全天热水', '毛巾', '拖鞋', '热水壶', '电梯', '餐具炊具', '电吹风', '智能门锁', '接待儿童2到12岁', '接待婴幼儿2岁以下', '有窗户', '落地窗', '沙发', '茶几', '洗浴用品', '牙具', '电磁炉', '灭火器']",,,0,,128,,100.0%,100.0%,100.0%,11,5.0
